/*
Navicat MySQL Data Transfer

Source Server         : Local-Server
Source Server Version : 50554
Source Host           : 192.168.7.21:3306
Source Database       : eapi

Target Server Type    : MYSQL
Target Server Version : 50554
File Encoding         : 65001

Date: 2018-09-08 17:17:37
*/

SET FOREIGN_KEY_CHECKS=0;

-- ----------------------------
-- Table structure for migrations
-- ----------------------------
DROP TABLE IF EXISTS `migrations`;
CREATE TABLE `migrations` (
  `id` int(10) unsigned NOT NULL AUTO_INCREMENT,
  `migration` varchar(255) COLLATE utf8mb4_unicode_ci NOT NULL,
  `batch` int(11) NOT NULL,
  PRIMARY KEY (`id`)
) ENGINE=InnoDB AUTO_INCREMENT=3 DEFAULT CHARSET=utf8mb4 COLLATE=utf8mb4_unicode_ci;

-- ----------------------------
-- Records of migrations
-- ----------------------------
INSERT INTO `migrations` VALUES ('1', '2018_09_08_083801_create_products_table', '1');
INSERT INTO `migrations` VALUES ('2', '2018_09_08_083947_create_reviews_table', '1');

-- ----------------------------
-- Table structure for products
-- ----------------------------
DROP TABLE IF EXISTS `products`;
CREATE TABLE `products` (
  `id` int(10) unsigned NOT NULL AUTO_INCREMENT,
  `name` varchar(255) COLLATE utf8mb4_unicode_ci NOT NULL,
  `detail` text COLLATE utf8mb4_unicode_ci NOT NULL,
  `price` int(11) NOT NULL,
  `stock` int(11) NOT NULL,
  `discount` int(11) NOT NULL,
  `created_at` timestamp NULL DEFAULT NULL,
  `updated_at` timestamp NULL DEFAULT NULL,
  PRIMARY KEY (`id`)
) ENGINE=InnoDB AUTO_INCREMENT=51 DEFAULT CHARSET=utf8mb4 COLLATE=utf8mb4_unicode_ci;

-- ----------------------------
-- Records of products
-- ----------------------------
INSERT INTO `products` VALUES ('1', 'eveniet', 'Impedit tenetur dolore ut. Debitis soluta ex et illum dignissimos architecto ratione. Et in corporis harum quam labore cumque et. Nesciunt porro dolorem consequatur et quibusdam.', '639', '8', '8', '2018-09-08 10:16:46', '2018-09-08 10:16:46');
INSERT INTO `products` VALUES ('2', 'dolorem', 'Ea suscipit voluptas illum dolorum aut tempore fugit enim. Qui similique cumque et quos deserunt distinctio laboriosam. Ex optio et laudantium dicta. Iste voluptatem placeat similique totam.', '605', '8', '10', '2018-09-08 10:16:46', '2018-09-08 10:16:46');
INSERT INTO `products` VALUES ('3', 'et', 'Hic voluptate qui molestias est. Libero quae velit repellat. Qui aut quasi quo optio odit.', '463', '3', '30', '2018-09-08 10:16:46', '2018-09-08 10:16:46');
INSERT INTO `products` VALUES ('4', 'quidem', 'Molestiae aspernatur ex fuga alias consequatur. Et tempore sit enim exercitationem. Molestiae nisi est non non. Id non possimus sit error blanditiis aut.', '187', '2', '17', '2018-09-08 10:16:46', '2018-09-08 10:16:46');
INSERT INTO `products` VALUES ('5', 'nihil', 'Rem itaque ipsam pariatur saepe. Ut dicta sequi iusto laboriosam sequi. Libero qui sapiente ullam reprehenderit dolores quis quod.', '665', '1', '22', '2018-09-08 10:16:46', '2018-09-08 10:16:46');
INSERT INTO `products` VALUES ('6', 'perferendis', 'Placeat laboriosam sit dolore dolor numquam doloribus. Vel molestiae sunt consequatur labore sequi natus animi. Voluptatum soluta velit sed incidunt at voluptas incidunt voluptas. Aut sapiente ut voluptatem aspernatur possimus sed. Beatae cupiditate eos sequi eum.', '899', '2', '18', '2018-09-08 10:16:46', '2018-09-08 10:16:46');
INSERT INTO `products` VALUES ('7', 'distinctio', 'Sunt recusandae iste commodi iusto architecto qui. Ab aut sint earum. Consequuntur sit consequatur dolorum id tempora.', '409', '1', '25', '2018-09-08 10:16:46', '2018-09-08 10:16:46');
INSERT INTO `products` VALUES ('8', 'in', 'Nostrum id rerum nihil. Hic neque suscipit et impedit odio libero sapiente blanditiis. Atque necessitatibus aut voluptatibus ut eaque architecto sed rem. In minima debitis voluptates eligendi fugit. Debitis ipsam molestiae debitis omnis.', '439', '1', '21', '2018-09-08 10:16:46', '2018-09-08 10:16:46');
INSERT INTO `products` VALUES ('9', 'aut', 'Doloribus ut sunt et earum rerum ipsam modi. Optio fuga quia commodi. Cumque expedita temporibus et et dolores quisquam porro libero. Non quam est quae rerum.', '395', '2', '7', '2018-09-08 10:16:46', '2018-09-08 10:16:46');
INSERT INTO `products` VALUES ('10', 'quos', 'Culpa sit deleniti quia. Corrupti hic dignissimos nihil cupiditate labore unde fuga. Aspernatur error illo et.', '767', '8', '9', '2018-09-08 10:16:46', '2018-09-08 10:16:46');
INSERT INTO `products` VALUES ('11', 'enim', 'Est vel eaque quidem quasi quia commodi. Corporis debitis non saepe id voluptatem sunt. Dolore nobis nulla autem fugiat error ad vero. Rem ullam in fugit rem iusto.', '360', '0', '11', '2018-09-08 10:16:46', '2018-09-08 10:16:46');
INSERT INTO `products` VALUES ('12', 'aut', 'Voluptatem et nemo minima ut qui at aperiam. Ratione adipisci quo minima veritatis consequatur. Quis natus accusamus sit ad molestiae numquam.', '888', '8', '21', '2018-09-08 10:16:46', '2018-09-08 10:16:46');
INSERT INTO `products` VALUES ('13', 'eaque', 'Tenetur nihil ex molestiae velit dolores et. Dicta qui delectus ut minus sit quos. Blanditiis iste illo ratione sunt est ullam quibusdam. Quibusdam nostrum rerum vel qui itaque.', '310', '6', '3', '2018-09-08 10:16:46', '2018-09-08 10:16:46');
INSERT INTO `products` VALUES ('14', 'voluptatem', 'Est neque ipsum vitae nam rem omnis. Magni sed omnis modi iusto odio. Quam aut et porro quia.', '442', '9', '7', '2018-09-08 10:16:46', '2018-09-08 10:16:46');
INSERT INTO `products` VALUES ('15', 'ea', 'Itaque consequatur vitae magnam eaque sequi maxime. Autem sit quis delectus asperiores iste ut sequi. Fugit non expedita vel rerum qui doloremque vel dolorum. Et corporis non ea sunt dignissimos dolores.', '575', '1', '13', '2018-09-08 10:16:46', '2018-09-08 10:16:46');
INSERT INTO `products` VALUES ('16', 'adipisci', 'Debitis recusandae molestias maxime voluptatem nihil voluptatem qui. Consequatur magnam quia perferendis odit voluptas minus. Possimus quaerat quia eum. Nobis aut fugit vel exercitationem id ut voluptatibus.', '514', '5', '25', '2018-09-08 10:16:46', '2018-09-08 10:16:46');
INSERT INTO `products` VALUES ('17', 'ut', 'Rem sed eveniet earum architecto quia nam. Impedit eum nostrum cum ea voluptatem et error. Iste tempora quasi similique rerum.', '758', '8', '2', '2018-09-08 10:16:46', '2018-09-08 10:16:46');
INSERT INTO `products` VALUES ('18', 'et', 'Doloremque provident animi eveniet commodi. Pariatur soluta sapiente velit et rem mollitia aperiam. Rerum quibusdam autem et totam sint ipsa. Dolorum asperiores laudantium assumenda eum aut impedit. Dolores tempora iste minima.', '882', '9', '2', '2018-09-08 10:16:46', '2018-09-08 10:16:46');
INSERT INTO `products` VALUES ('19', 'laboriosam', 'Distinctio distinctio unde necessitatibus aut. Et quaerat est recusandae vero explicabo et. Aut sapiente culpa quo.', '831', '8', '20', '2018-09-08 10:16:46', '2018-09-08 10:16:46');
INSERT INTO `products` VALUES ('20', 'itaque', 'In veritatis qui quos et voluptate. Ratione et quia fugit voluptatem. Magni tempore blanditiis assumenda est. Temporibus perferendis totam quo qui temporibus. Facere accusantium facere harum voluptatem.', '918', '1', '19', '2018-09-08 10:16:46', '2018-09-08 10:16:46');
INSERT INTO `products` VALUES ('21', 'dolorem', 'Itaque est aut aut totam. Aut nihil id sunt dolorem illum delectus veritatis inventore. Minima cumque suscipit dolore.', '220', '8', '22', '2018-09-08 10:16:46', '2018-09-08 10:16:46');
INSERT INTO `products` VALUES ('22', 'culpa', 'Minus ut ratione repudiandae perspiciatis voluptatem ea qui. Ducimus aut in ab quam. Nemo maxime quo exercitationem pariatur praesentium qui odit tenetur.', '333', '7', '3', '2018-09-08 10:16:46', '2018-09-08 10:16:46');
INSERT INTO `products` VALUES ('23', 'eaque', 'Quam accusantium qui esse vitae. Et labore voluptatibus deserunt nulla animi praesentium sit.', '187', '9', '2', '2018-09-08 10:16:46', '2018-09-08 10:16:46');
INSERT INTO `products` VALUES ('24', 'sit', 'Error blanditiis et rerum deleniti. Est soluta nostrum quas nostrum mollitia qui cupiditate enim. Tempora dolorem odit ullam vel officia. Dolor molestias sed et qui natus sunt. Numquam ut aspernatur ullam consequatur quasi.', '165', '6', '7', '2018-09-08 10:16:46', '2018-09-08 10:16:46');
INSERT INTO `products` VALUES ('25', 'saepe', 'Velit qui mollitia iste asperiores architecto quas. Aut numquam corporis ea assumenda. Dolores et et eum incidunt harum pariatur totam. Eligendi velit inventore aliquid.', '709', '5', '19', '2018-09-08 10:16:46', '2018-09-08 10:16:46');
INSERT INTO `products` VALUES ('26', 'vel', 'Corporis rerum nam omnis voluptas saepe adipisci voluptas. Quisquam ut expedita cumque mollitia voluptatem. Voluptatibus quas ut aliquam at ea possimus.', '939', '6', '4', '2018-09-08 10:16:46', '2018-09-08 10:16:46');
INSERT INTO `products` VALUES ('27', 'eveniet', 'Ea in vitae harum harum asperiores harum repellat similique. Perspiciatis aut quis sit. Maxime suscipit qui enim voluptatem quibusdam. Sapiente nulla a exercitationem beatae quidem rerum delectus voluptatem.', '479', '1', '20', '2018-09-08 10:16:46', '2018-09-08 10:16:46');
INSERT INTO `products` VALUES ('28', 'mollitia', 'Explicabo voluptas hic sit qui doloribus eveniet id. Aut et alias quo quis commodi ipsum aut. In ut facere est optio ut ab.', '948', '9', '13', '2018-09-08 10:16:46', '2018-09-08 10:16:46');
INSERT INTO `products` VALUES ('29', 'nesciunt', 'Quis voluptatibus atque est. Quia accusamus enim voluptate fugit. Mollitia ratione ut doloremque dignissimos fugiat hic id. Et distinctio consectetur maiores non facilis earum corporis qui.', '390', '3', '23', '2018-09-08 10:16:46', '2018-09-08 10:16:46');
INSERT INTO `products` VALUES ('30', 'qui', 'Sit nisi libero id. Optio dolorem ipsam placeat laudantium nihil. Error ut voluptas optio omnis.', '239', '2', '29', '2018-09-08 10:16:46', '2018-09-08 10:16:46');
INSERT INTO `products` VALUES ('31', 'ut', 'Ea in dicta sapiente aliquid repellendus adipisci dolorum impedit. Voluptate sed ab enim ut quaerat ipsum ipsam. Et exercitationem aut et mollitia natus officiis sunt.', '464', '5', '12', '2018-09-08 10:16:46', '2018-09-08 10:16:46');
INSERT INTO `products` VALUES ('32', 'quam', 'Ex perferendis eius culpa adipisci placeat adipisci eos quisquam. Commodi omnis distinctio soluta fuga enim. Distinctio perferendis aut ex consectetur velit. Et in saepe eum aliquam earum autem. Laboriosam dolorum itaque molestias dicta eaque provident consequuntur voluptatem.', '626', '7', '18', '2018-09-08 10:16:46', '2018-09-08 10:16:46');
INSERT INTO `products` VALUES ('33', 'nemo', 'Esse libero repudiandae sapiente id voluptatem id id. Doloribus nihil veniam in non possimus vitae molestiae odio. Tempora nam quaerat accusamus quasi culpa quas qui. Aut recusandae deserunt rem qui odio voluptas minus. Quasi ad debitis adipisci consequatur omnis.', '941', '9', '18', '2018-09-08 10:16:46', '2018-09-08 10:16:46');
INSERT INTO `products` VALUES ('34', 'placeat', 'Velit laborum facere consectetur eius. Ut est cupiditate est. Dolor odio et excepturi cum rerum. Ut sed accusamus et quasi aperiam.', '730', '7', '9', '2018-09-08 10:16:46', '2018-09-08 10:16:46');
INSERT INTO `products` VALUES ('35', 'doloribus', 'Error eveniet maiores molestiae quis consequatur illum laudantium. Quisquam assumenda eligendi eligendi est maiores distinctio et. Quae alias et asperiores minus porro. Inventore quasi libero vero rerum.', '607', '6', '13', '2018-09-08 10:16:46', '2018-09-08 10:16:46');
INSERT INTO `products` VALUES ('36', 'earum', 'Illo id quia quae ex necessitatibus aut. Id aut sit et fugiat. Ducimus qui aut enim sed. Corporis dolores aut id adipisci. Voluptatum et quae laboriosam iste.', '200', '1', '23', '2018-09-08 10:16:46', '2018-09-08 10:16:46');
INSERT INTO `products` VALUES ('37', 'fuga', 'Nostrum quam velit quia expedita quos quibusdam. Voluptas adipisci quod dolores sint qui explicabo quisquam quia. Facilis quia vel excepturi. Dolore qui ratione et non similique.', '102', '2', '19', '2018-09-08 10:16:46', '2018-09-08 10:16:46');
INSERT INTO `products` VALUES ('38', 'eaque', 'Facere nostrum qui voluptate tenetur eveniet. Eius sit consequatur ullam sint. Cumque incidunt quibusdam dolore et libero nihil autem iste.', '602', '8', '29', '2018-09-08 10:16:46', '2018-09-08 10:16:46');
INSERT INTO `products` VALUES ('39', 'ut', 'Sequi distinctio omnis eum aut. Nesciunt dolores sunt dolorem molestiae est dolores. Adipisci dolorem dolore aut necessitatibus sunt sit. Autem placeat provident illum libero aut.', '558', '0', '25', '2018-09-08 10:16:46', '2018-09-08 10:16:46');
INSERT INTO `products` VALUES ('40', 'id', 'Ducimus facilis quos aut quia. Autem temporibus autem sequi et dolor non in mollitia. Quam repudiandae dolorum vel ut. Voluptatem ut sapiente quod quibusdam ea.', '481', '1', '24', '2018-09-08 10:16:46', '2018-09-08 10:16:46');
INSERT INTO `products` VALUES ('41', 'sit', 'Aliquam dolorem ex laudantium ullam. Omnis est culpa similique nisi tempora voluptatem consequatur mollitia. Eos perferendis dolorem ipsum praesentium sint.', '801', '6', '18', '2018-09-08 10:16:46', '2018-09-08 10:16:46');
INSERT INTO `products` VALUES ('42', 'omnis', 'Dolorem in voluptatem libero qui. Recusandae ut et est nisi quibusdam sunt non. Dolores placeat quia rerum est culpa sed. Quas quo sunt non.', '294', '2', '21', '2018-09-08 10:16:46', '2018-09-08 10:16:46');
INSERT INTO `products` VALUES ('43', 'placeat', 'Est autem id libero quo architecto quidem. Aliquid fuga labore doloribus vel vel. Magni libero et inventore officia neque ipsam.', '608', '9', '2', '2018-09-08 10:16:47', '2018-09-08 10:16:47');
INSERT INTO `products` VALUES ('44', 'libero', 'Exercitationem similique numquam sunt laboriosam vel laboriosam qui. Officia iusto sapiente quibusdam impedit et odit soluta laboriosam. Ut commodi et quo iure esse eveniet quae qui. Sunt soluta possimus animi omnis.', '536', '6', '7', '2018-09-08 10:16:47', '2018-09-08 10:16:47');
INSERT INTO `products` VALUES ('45', 'architecto', 'Eaque ut veritatis non voluptatem. Dolor debitis repudiandae qui et aut. Accusantium aut incidunt sapiente et aliquid consectetur ex.', '538', '2', '6', '2018-09-08 10:16:47', '2018-09-08 10:16:47');
INSERT INTO `products` VALUES ('46', 'saepe', 'Similique officia quisquam odit qui fuga consequatur. Cum enim qui nihil ea qui possimus.', '830', '0', '5', '2018-09-08 10:16:47', '2018-09-08 10:16:47');
INSERT INTO `products` VALUES ('47', 'architecto', 'Asperiores nihil et quia quis esse aspernatur earum. Ut est laborum quia aut magnam qui. Cupiditate consequatur fuga atque rerum minima expedita. Delectus optio sunt dolore aut at.', '532', '4', '14', '2018-09-08 10:16:47', '2018-09-08 10:16:47');
INSERT INTO `products` VALUES ('48', 'sed', 'Est nobis dolores aperiam rem. Officiis non quasi eum mollitia.', '793', '0', '17', '2018-09-08 10:16:47', '2018-09-08 10:16:47');
INSERT INTO `products` VALUES ('49', 'magni', 'Est aut ut laudantium sequi voluptatem. Iste quae accusamus repudiandae nihil asperiores dolor ut. Non rem veritatis quia dolores.', '909', '1', '26', '2018-09-08 10:16:47', '2018-09-08 10:16:47');
INSERT INTO `products` VALUES ('50', 'dolor', 'Id excepturi quia ipsam blanditiis quis rerum aut iure. Veniam dolorem est aut est minus est. Est voluptates blanditiis aut dolorem. Nesciunt assumenda sit quam sapiente dolorem pariatur consequatur qui.', '155', '9', '5', '2018-09-08 10:16:47', '2018-09-08 10:16:47');

-- ----------------------------
-- Table structure for reviews
-- ----------------------------
DROP TABLE IF EXISTS `reviews`;
CREATE TABLE `reviews` (
  `id` int(10) unsigned NOT NULL AUTO_INCREMENT,
  `product_id` int(10) unsigned NOT NULL,
  `customer` varchar(255) COLLATE utf8mb4_unicode_ci NOT NULL,
  `review` text COLLATE utf8mb4_unicode_ci NOT NULL,
  `star` int(11) NOT NULL,
  `created_at` timestamp NULL DEFAULT NULL,
  `updated_at` timestamp NULL DEFAULT NULL,
  PRIMARY KEY (`id`),
  KEY `reviews_product_id_index` (`product_id`),
  CONSTRAINT `reviews_product_id_foreign` FOREIGN KEY (`product_id`) REFERENCES `products` (`id`) ON DELETE CASCADE
) ENGINE=InnoDB AUTO_INCREMENT=301 DEFAULT CHARSET=utf8mb4 COLLATE=utf8mb4_unicode_ci;

-- ----------------------------
-- Records of reviews
-- ----------------------------
INSERT INTO `reviews` VALUES ('1', '30', 'Eileen McGlynn I', 'Ea eos quia illum et nemo voluptas enim quibusdam. Ratione et quod alias temporibus mollitia molestiae illum. Sit repellat ea neque voluptatum. Et voluptate cum laudantium ut consequatur minima delectus.', '2', '2018-09-08 10:16:48', '2018-09-08 10:16:48');
INSERT INTO `reviews` VALUES ('2', '43', 'Prof. Cecelia Hintz I', 'Harum saepe incidunt dolorum. Quidem rerum reprehenderit facere non et nulla ut nihil. Placeat eligendi dolorem fugit animi quos aut. Et debitis iusto dolorem quis laudantium dignissimos.', '4', '2018-09-08 10:16:48', '2018-09-08 10:16:48');
INSERT INTO `reviews` VALUES ('3', '29', 'Merl Stanton', 'Illum quis ducimus ab necessitatibus omnis hic. Dolorem voluptatibus magnam quod unde. Molestiae vel dolores sed eos qui. Saepe odit cupiditate non quaerat ratione consequuntur.', '3', '2018-09-08 10:16:48', '2018-09-08 10:16:48');
INSERT INTO `reviews` VALUES ('4', '48', 'Prof. Hilton Windler', 'Iste et nisi cupiditate. Accusantium perferendis qui voluptatem maxime perspiciatis ut enim. Molestiae minima mollitia qui aliquid quia sunt.', '2', '2018-09-08 10:16:48', '2018-09-08 10:16:48');
INSERT INTO `reviews` VALUES ('5', '1', 'Barbara Bogan', 'Et accusantium in non tempore. Aperiam quae sit dolores dolores perferendis minus consequatur. Fuga quam perferendis sunt minima ex. Nihil sed voluptatem a consectetur suscipit voluptas velit.', '0', '2018-09-08 10:16:48', '2018-09-08 10:16:48');
INSERT INTO `reviews` VALUES ('6', '50', 'Mr. Elian Walker', 'Pariatur illum sit sed magnam sit ratione debitis. Quas dolor nihil facere doloremque velit labore asperiores sit. Ducimus harum perferendis sequi quae et repudiandae dolorem dolorem. Minus architecto distinctio ut minima ut.', '0', '2018-09-08 10:16:48', '2018-09-08 10:16:48');
INSERT INTO `reviews` VALUES ('7', '32', 'Enrique Bergstrom', 'Nisi ratione quos iure commodi. Iure iusto similique assumenda dolor pariatur. Voluptate adipisci quos laborum aliquid.', '5', '2018-09-08 10:16:48', '2018-09-08 10:16:48');
INSERT INTO `reviews` VALUES ('8', '10', 'Brooke Dach', 'Neque vel recusandae odit omnis. Accusantium reiciendis incidunt sit fuga sint sunt. Occaecati soluta rerum reiciendis non. In accusantium maiores doloribus hic eveniet. Adipisci non debitis qui autem repellendus et aperiam.', '2', '2018-09-08 10:16:48', '2018-09-08 10:16:48');
INSERT INTO `reviews` VALUES ('9', '43', 'Adrianna Stracke', 'Doloribus nisi nesciunt et temporibus. Dolores deserunt deserunt ex velit. Deleniti assumenda et explicabo in. Explicabo sunt numquam reprehenderit maiores.', '4', '2018-09-08 10:16:48', '2018-09-08 10:16:48');
INSERT INTO `reviews` VALUES ('10', '42', 'Prof. Kianna Wyman IV', 'Sint nihil et veritatis qui odit voluptatem voluptatem id. Est dicta fuga explicabo sed. Dolorem assumenda eum sunt voluptatum natus corporis enim. Ea in eligendi qui repellendus impedit.', '1', '2018-09-08 10:16:48', '2018-09-08 10:16:48');
INSERT INTO `reviews` VALUES ('11', '14', 'Parker Anderson', 'Repellat laboriosam voluptate explicabo et perferendis. Inventore quae architecto repellat et aut eum sit sint.', '3', '2018-09-08 10:16:48', '2018-09-08 10:16:48');
INSERT INTO `reviews` VALUES ('12', '44', 'Mrs. Oceane Waelchi Sr.', 'Voluptatibus aut sed dignissimos ut sit. Minima ex et eos sit iste rem et quia. Non ut assumenda odit eos aut voluptatem. Libero vel dicta quia perferendis quisquam. A recusandae repudiandae cupiditate excepturi.', '4', '2018-09-08 10:16:48', '2018-09-08 10:16:48');
INSERT INTO `reviews` VALUES ('13', '29', 'Miss Carley Smith', 'Qui voluptate dignissimos sequi facilis aliquid commodi quae molestias. Facilis quasi qui molestias harum quas in. Excepturi rerum aut soluta. Deleniti molestiae maiores ut quam.', '0', '2018-09-08 10:16:48', '2018-09-08 10:16:48');
INSERT INTO `reviews` VALUES ('14', '10', 'Alessandro Spinka', 'Sit libero ipsam nulla quis. Et magni earum itaque vitae a illum. Eum dolorem veniam occaecati et recusandae sit vel. Dolores aliquam eveniet iste magni eos sapiente nihil.', '4', '2018-09-08 10:16:48', '2018-09-08 10:16:48');
INSERT INTO `reviews` VALUES ('15', '21', 'Miss Vivian Kuhn', 'Ipsum deserunt tempora unde ut tempore quas ipsam. Maiores nesciunt aspernatur ad saepe sequi.', '2', '2018-09-08 10:16:48', '2018-09-08 10:16:48');
INSERT INTO `reviews` VALUES ('16', '12', 'Major Ortiz III', 'Suscipit magni quos et consequatur. Quasi ut assumenda et numquam. Et eius alias quisquam. Minus fugit quia non in et recusandae.', '5', '2018-09-08 10:16:48', '2018-09-08 10:16:48');
INSERT INTO `reviews` VALUES ('17', '41', 'Prof. Larry Hermann', 'Delectus dolor commodi maiores ab sapiente. Sit ut nam non et impedit neque pariatur quis. Tenetur dolorem earum quasi.', '5', '2018-09-08 10:16:48', '2018-09-08 10:16:48');
INSERT INTO `reviews` VALUES ('18', '45', 'Miss Bria Kertzmann', 'Magnam velit harum mollitia magni. Unde maiores sit praesentium fuga nobis aut. Aperiam doloribus modi occaecati dicta voluptatem. Et aliquid nostrum voluptas vitae.', '1', '2018-09-08 10:16:48', '2018-09-08 10:16:48');
INSERT INTO `reviews` VALUES ('19', '2', 'Genesis Schuppe', 'Error quia nam ut laboriosam voluptate. Ut debitis magnam vitae omnis molestias et. Quae quod explicabo et doloremque repellat eaque est.', '0', '2018-09-08 10:16:48', '2018-09-08 10:16:48');
INSERT INTO `reviews` VALUES ('20', '1', 'Madison Ward', 'Eum sint sint ab sunt doloremque sint. Soluta officiis deleniti voluptate aut natus assumenda provident. Et natus id et et nisi fuga quidem rerum.', '2', '2018-09-08 10:16:48', '2018-09-08 10:16:48');
INSERT INTO `reviews` VALUES ('21', '15', 'Sim Raynor', 'Animi aut consequatur optio sunt repellat recusandae sunt. Dolore quia odit expedita esse rem magni. Blanditiis sunt aliquid molestiae necessitatibus vero. Qui nulla accusamus in omnis nobis debitis.', '2', '2018-09-08 10:16:48', '2018-09-08 10:16:48');
INSERT INTO `reviews` VALUES ('22', '28', 'Heath Pouros V', 'Officiis aut harum perspiciatis corporis dolorem omnis error. Error occaecati qui est illo nostrum repudiandae. Consequatur tenetur in eos quia velit dolor omnis.', '4', '2018-09-08 10:16:48', '2018-09-08 10:16:48');
INSERT INTO `reviews` VALUES ('23', '32', 'Jovan Kling', 'Est sequi aut aut quae fuga. Animi vitae ea iure corporis et consequatur quia. Qui deserunt est illo tempore.', '1', '2018-09-08 10:16:49', '2018-09-08 10:16:49');
INSERT INTO `reviews` VALUES ('24', '32', 'Courtney Daniel', 'Esse odio qui hic a non. Dolorum voluptatum aliquid atque perspiciatis est commodi id. Sed ratione inventore nisi voluptas.', '0', '2018-09-08 10:16:49', '2018-09-08 10:16:49');
INSERT INTO `reviews` VALUES ('25', '20', 'Prof. Kayli Gerlach DVM', 'Fuga eos quia ut qui placeat. Ut dignissimos alias quia excepturi sed.', '1', '2018-09-08 10:16:49', '2018-09-08 10:16:49');
INSERT INTO `reviews` VALUES ('26', '16', 'Geovanny Halvorson', 'Ut repellat maxime voluptas repellat consequatur ut. Ipsam et et est quas quod corrupti. Aliquid enim quia provident doloremque quis nesciunt molestias ipsum. Minus maiores qui quasi voluptas aut.', '1', '2018-09-08 10:16:49', '2018-09-08 10:16:49');
INSERT INTO `reviews` VALUES ('27', '39', 'Milo Kunde DDS', 'Dolor iusto ducimus pariatur et repellat. Ut suscipit amet tempora qui. In natus aut pariatur dignissimos laudantium quae.', '1', '2018-09-08 10:16:49', '2018-09-08 10:16:49');
INSERT INTO `reviews` VALUES ('28', '34', 'Horace Wisozk', 'Aliquid reprehenderit quia quis illo ratione ad. Ut sit aut dolor est architecto reprehenderit perspiciatis. Ut nulla officia aliquam quia. Fugit itaque temporibus temporibus ducimus sed quia accusantium.', '3', '2018-09-08 10:16:49', '2018-09-08 10:16:49');
INSERT INTO `reviews` VALUES ('29', '23', 'Kobe Murray', 'Sequi cupiditate odit quidem reiciendis exercitationem ut ducimus. Doloremque illum rerum omnis hic eos consequuntur occaecati.', '5', '2018-09-08 10:16:49', '2018-09-08 10:16:49');
INSERT INTO `reviews` VALUES ('30', '35', 'Prof. Araceli Runte', 'Esse odio tempora dolore sint et aut error. Perspiciatis illum quis quas dolorem. Ea est id est repudiandae nihil sit dolores. Est suscipit quasi et distinctio maxime recusandae.', '2', '2018-09-08 10:16:49', '2018-09-08 10:16:49');
INSERT INTO `reviews` VALUES ('31', '31', 'Leatha Aufderhar DVM', 'Delectus exercitationem est et voluptatibus laudantium. Occaecati quia sequi minus quaerat. Molestiae inventore error et sit incidunt molestiae. Beatae hic tenetur sit consequuntur quia soluta.', '5', '2018-09-08 10:16:49', '2018-09-08 10:16:49');
INSERT INTO `reviews` VALUES ('32', '7', 'Elfrieda Zulauf', 'Vel dolores minus ad rerum eum. Beatae aut et et sint magnam. Omnis blanditiis quisquam rerum veritatis voluptatem. Nobis veritatis laboriosam ut optio sunt.', '3', '2018-09-08 10:16:49', '2018-09-08 10:16:49');
INSERT INTO `reviews` VALUES ('33', '26', 'Amara Gleichner', 'Error illum qui commodi ea et. Eligendi ut exercitationem quidem esse qui perferendis. Dolore quos asperiores illum ut voluptatem.', '5', '2018-09-08 10:16:49', '2018-09-08 10:16:49');
INSERT INTO `reviews` VALUES ('34', '34', 'Theo Nienow DVM', 'Doloribus eligendi nobis sint reiciendis unde aliquam. Et dolorem sed dolorem ullam ea quisquam. Qui molestiae aspernatur sit similique nihil.', '1', '2018-09-08 10:16:49', '2018-09-08 10:16:49');
INSERT INTO `reviews` VALUES ('35', '27', 'Karianne Jast MD', 'Est dignissimos illo iste incidunt. Ratione eum provident voluptas facere. Laborum aut ut molestiae explicabo provident eos est. Magni hic sit excepturi id deleniti.', '5', '2018-09-08 10:16:49', '2018-09-08 10:16:49');
INSERT INTO `reviews` VALUES ('36', '41', 'Sabrina Metz', 'Ex porro repudiandae esse doloremque. Laudantium laudantium est reiciendis quidem. Optio omnis aliquid qui. Similique voluptas assumenda sunt recusandae earum.', '5', '2018-09-08 10:16:49', '2018-09-08 10:16:49');
INSERT INTO `reviews` VALUES ('37', '26', 'Dr. Aracely Gleason', 'Assumenda aliquam distinctio totam doloribus neque. Amet molestiae laudantium itaque voluptas autem architecto dolores. Eum ut est voluptatibus molestiae aut dicta minus.', '3', '2018-09-08 10:16:49', '2018-09-08 10:16:49');
INSERT INTO `reviews` VALUES ('38', '25', 'Dr. Dave Smitham', 'Cumque inventore dolorum voluptatum voluptas consequatur suscipit a. Cumque magni at est voluptatum. Aut quaerat nam nihil fugiat eum nihil aut. Sit nobis eos fuga magni aut hic. Quod deserunt et ut.', '3', '2018-09-08 10:16:49', '2018-09-08 10:16:49');
INSERT INTO `reviews` VALUES ('39', '27', 'Miss Bethany Collins IV', 'Voluptas culpa labore eos doloremque neque ipsum. Unde recusandae nobis doloribus. Enim consequatur illum itaque quasi doloribus incidunt. Accusamus aut odio eos architecto at.', '1', '2018-09-08 10:16:49', '2018-09-08 10:16:49');
INSERT INTO `reviews` VALUES ('40', '40', 'Dr. Asha Ullrich', 'Quia adipisci rem autem nam commodi. Rerum libero tenetur ex quo. Dolorem quae natus distinctio nobis dicta deserunt.', '3', '2018-09-08 10:16:49', '2018-09-08 10:16:49');
INSERT INTO `reviews` VALUES ('41', '39', 'Jerrold Gibson', 'Recusandae sit perferendis est et culpa consectetur impedit. Tempore delectus rem accusantium vero earum voluptate eaque. Porro dolorum aut similique hic ea odio. Quasi soluta impedit ea maxime consequatur consequatur eveniet.', '5', '2018-09-08 10:16:49', '2018-09-08 10:16:49');
INSERT INTO `reviews` VALUES ('42', '21', 'Rosamond Hyatt', 'Explicabo repudiandae quam non cupiditate autem ex ut. Sit exercitationem quia et odit est corporis. Voluptas est laboriosam quibusdam corporis architecto. Omnis ut quos ducimus quo minima explicabo.', '3', '2018-09-08 10:16:49', '2018-09-08 10:16:49');
INSERT INTO `reviews` VALUES ('43', '31', 'Arlo Hermann', 'Corporis nihil mollitia non ipsa. Dolorem exercitationem autem veritatis ut et sed quibusdam.', '5', '2018-09-08 10:16:49', '2018-09-08 10:16:49');
INSERT INTO `reviews` VALUES ('44', '34', 'Lucienne Brekke II', 'Incidunt nisi molestias non possimus. Reprehenderit neque facere est optio aut. Voluptas et dolorum ipsum illum ab voluptas laboriosam.', '1', '2018-09-08 10:16:49', '2018-09-08 10:16:49');
INSERT INTO `reviews` VALUES ('45', '49', 'Llewellyn Kihn', 'Deserunt assumenda adipisci provident. Commodi non sequi dolorum at. Accusamus debitis temporibus rerum culpa.', '4', '2018-09-08 10:16:49', '2018-09-08 10:16:49');
INSERT INTO `reviews` VALUES ('46', '3', 'Karina Runolfsson', 'Repudiandae molestiae dolores impedit natus nesciunt voluptatem voluptas. Id maxime consequatur id sunt id dolores.', '4', '2018-09-08 10:16:49', '2018-09-08 10:16:49');
INSERT INTO `reviews` VALUES ('47', '3', 'Pinkie Schmitt', 'Voluptatibus aut officia dicta dignissimos ex doloribus. Vel et fugit praesentium voluptatem tenetur. Qui quas qui harum est recusandae pariatur.', '4', '2018-09-08 10:16:49', '2018-09-08 10:16:49');
INSERT INTO `reviews` VALUES ('48', '4', 'Queenie Stamm', 'Debitis ex et nesciunt id fugiat consequatur ut. Enim animi quas eos sit et ea veritatis. Aut iure rem voluptatum facilis ut.', '2', '2018-09-08 10:16:49', '2018-09-08 10:16:49');
INSERT INTO `reviews` VALUES ('49', '29', 'Prof. Emerson Corwin', 'Quaerat dolorem quibusdam error sequi ad repellendus perferendis. Molestiae eum similique nihil nulla repellat facere. Corporis quidem dolor tempore nobis ducimus. Ut libero blanditiis atque et fugit consequatur.', '5', '2018-09-08 10:16:49', '2018-09-08 10:16:49');
INSERT INTO `reviews` VALUES ('50', '44', 'Shad Schiller', 'Velit nihil aut excepturi est eius ratione aut. Voluptatem est non hic aut modi. Accusantium qui quis perferendis doloribus.', '2', '2018-09-08 10:16:49', '2018-09-08 10:16:49');
INSERT INTO `reviews` VALUES ('51', '14', 'Milton Klocko', 'Magni praesentium placeat est quia non qui aut. Voluptatem sint qui veritatis totam incidunt praesentium. Hic voluptas cumque adipisci illo consequuntur. Omnis exercitationem beatae consequatur magnam.', '2', '2018-09-08 10:16:49', '2018-09-08 10:16:49');
INSERT INTO `reviews` VALUES ('52', '15', 'Willy Skiles', 'Omnis eaque qui asperiores expedita qui rerum illum. Impedit ipsum inventore labore facere. Odio vero reiciendis necessitatibus placeat a est asperiores. Provident vero sed ipsa inventore architecto voluptates beatae facere.', '5', '2018-09-08 10:16:49', '2018-09-08 10:16:49');
INSERT INTO `reviews` VALUES ('53', '7', 'Kattie Walsh Jr.', 'Omnis quam quaerat odit architecto perferendis sit quo ea. Provident perspiciatis molestiae numquam dicta. Vel dolore id animi modi consectetur.', '4', '2018-09-08 10:16:49', '2018-09-08 10:16:49');
INSERT INTO `reviews` VALUES ('54', '33', 'Emmanuel Thompson Sr.', 'Ad nostrum est et. Ad consequatur autem exercitationem reiciendis consequatur sapiente. Quod esse nam dolor et et consequuntur modi voluptate.', '4', '2018-09-08 10:16:49', '2018-09-08 10:16:49');
INSERT INTO `reviews` VALUES ('55', '46', 'Zoie Kulas DVM', 'Officiis eaque maiores quaerat aliquam. Maiores ratione eveniet ducimus ea vel est at natus. Est illum sequi exercitationem placeat qui minus.', '2', '2018-09-08 10:16:49', '2018-09-08 10:16:49');
INSERT INTO `reviews` VALUES ('56', '49', 'Mr. Parker Keeling', 'Ut soluta voluptas voluptas deserunt necessitatibus. At velit eum culpa atque iste.', '0', '2018-09-08 10:16:49', '2018-09-08 10:16:49');
INSERT INTO `reviews` VALUES ('57', '4', 'Matt Kuhn MD', 'Sed alias et est sapiente. Quisquam sit nesciunt ad cumque. Animi aspernatur quia est voluptas sequi corrupti. Cumque dignissimos saepe id accusamus accusamus qui et.', '3', '2018-09-08 10:16:50', '2018-09-08 10:16:50');
INSERT INTO `reviews` VALUES ('58', '35', 'Brooklyn Padberg', 'Qui sequi nesciunt voluptas. Illo sit corrupti sed et id recusandae accusamus nostrum. Dolores qui officia et.', '4', '2018-09-08 10:16:50', '2018-09-08 10:16:50');
INSERT INTO `reviews` VALUES ('59', '11', 'Mrs. Natalia Schamberger', 'Voluptatibus et voluptates dicta quia et minus dignissimos. Odio distinctio et quia tenetur. Expedita iste voluptatibus sit natus perferendis voluptatem voluptatibus nam. Qui qui quis aut aut voluptas placeat. Ab deleniti et molestiae deleniti eos.', '0', '2018-09-08 10:16:50', '2018-09-08 10:16:50');
INSERT INTO `reviews` VALUES ('60', '37', 'Robbie Kirlin DVM', 'Eaque eveniet temporibus ut ut saepe quis. Earum fugit aut aut et ut. Ut qui eos ut et eaque illum perspiciatis. Aliquam mollitia et consequuntur quas ullam et harum.', '5', '2018-09-08 10:16:50', '2018-09-08 10:16:50');
INSERT INTO `reviews` VALUES ('61', '3', 'Mrs. Eveline White V', 'Doloribus aut voluptatem tenetur in nesciunt eveniet. Quia officia deserunt iste et sed. Dolor impedit laudantium velit deserunt eligendi dolores voluptatibus. Quasi ut harum accusantium. Dolores dicta sed dolores.', '3', '2018-09-08 10:16:50', '2018-09-08 10:16:50');
INSERT INTO `reviews` VALUES ('62', '36', 'Jadon Bayer', 'Aspernatur et dolor facere ut reiciendis. Natus omnis est ut.', '2', '2018-09-08 10:16:50', '2018-09-08 10:16:50');
INSERT INTO `reviews` VALUES ('63', '46', 'Allen Nienow', 'Occaecati fuga aspernatur sit nam dolores in. Consequatur similique placeat quo porro officiis ad. Deleniti labore repudiandae amet enim molestiae eveniet.', '5', '2018-09-08 10:16:50', '2018-09-08 10:16:50');
INSERT INTO `reviews` VALUES ('64', '41', 'Dr. Virgil Wuckert V', 'Corporis sunt esse autem quia et et earum. Illum culpa laboriosam qui neque reiciendis. Aut ad vero nam deleniti.', '4', '2018-09-08 10:16:50', '2018-09-08 10:16:50');
INSERT INTO `reviews` VALUES ('65', '50', 'Anahi Balistreri', 'Iste minus itaque amet aspernatur cumque. Et ut voluptates nihil saepe et laborum eius. Odio dolorem error accusantium itaque quo consequatur.', '0', '2018-09-08 10:16:50', '2018-09-08 10:16:50');
INSERT INTO `reviews` VALUES ('66', '40', 'Eryn Leannon V', 'Quis sed sunt porro. In ut illum deleniti ut ea. Consequatur dolorum velit molestias est. Eaque ut quo eligendi quia id eum ipsam. Qui minima nesciunt quasi sint minus et exercitationem pariatur.', '3', '2018-09-08 10:16:50', '2018-09-08 10:16:50');
INSERT INTO `reviews` VALUES ('67', '10', 'Mr. Haleigh Murazik III', 'Qui architecto eius voluptas assumenda est eligendi. Dolores voluptatem at porro. Adipisci quia similique nobis earum nihil nisi vel. Asperiores iusto in quis ullam exercitationem cupiditate.', '5', '2018-09-08 10:16:50', '2018-09-08 10:16:50');
INSERT INTO `reviews` VALUES ('68', '50', 'Mrs. Amina Gulgowski Jr.', 'Ut ut deserunt et et non id nesciunt. Rerum soluta ut ratione. Debitis ut ea in pariatur sequi dolores.', '5', '2018-09-08 10:16:50', '2018-09-08 10:16:50');
INSERT INTO `reviews` VALUES ('69', '27', 'Mrs. Catherine Keebler MD', 'Tempore labore in vitae earum. Praesentium omnis quas fugiat rerum ipsum omnis tempora. Magni a veritatis eos quidem est. Amet accusamus illo aliquid quod nam.', '5', '2018-09-08 10:16:50', '2018-09-08 10:16:50');
INSERT INTO `reviews` VALUES ('70', '9', 'Mervin Carter', 'Consequatur necessitatibus beatae praesentium autem libero et dolor. Cupiditate ullam vero ipsa odio cum ducimus. Cum nesciunt repellendus iure aperiam dignissimos veritatis. Debitis id id commodi reprehenderit quia.', '4', '2018-09-08 10:16:50', '2018-09-08 10:16:50');
INSERT INTO `reviews` VALUES ('71', '10', 'Malvina Mueller', 'Rem dolorem odio et earum minima. Et quia veniam iste autem et pariatur. Et a quos dolores. Ut est iure corrupti voluptate esse quia cumque.', '5', '2018-09-08 10:16:50', '2018-09-08 10:16:50');
INSERT INTO `reviews` VALUES ('72', '46', 'Ms. Eliza Cronin', 'Aut qui a aut expedita saepe voluptate et fuga. Voluptas earum incidunt unde sunt nihil molestias. Occaecati atque debitis maxime atque voluptatem odio commodi. Velit fugit dolor ut et.', '1', '2018-09-08 10:16:50', '2018-09-08 10:16:50');
INSERT INTO `reviews` VALUES ('73', '46', 'Herminio Langosh Jr.', 'Omnis velit modi voluptatem cumque itaque. Est velit dolore et a. Deserunt autem similique eveniet cupiditate reiciendis non sed. Aperiam adipisci dolor quam culpa sit accusantium voluptates est.', '3', '2018-09-08 10:16:50', '2018-09-08 10:16:50');
INSERT INTO `reviews` VALUES ('74', '21', 'Pierce O\'Kon V', 'Debitis nesciunt doloribus dolor sed. Facere explicabo fugit ducimus possimus unde consequatur. Odio ex corporis quia cupiditate. Omnis fuga exercitationem aspernatur accusamus consequatur et eum.', '4', '2018-09-08 10:16:50', '2018-09-08 10:16:50');
INSERT INTO `reviews` VALUES ('75', '42', 'Dr. Roscoe Ryan', 'Quos exercitationem vero occaecati at qui necessitatibus. Et eos quae laboriosam ut necessitatibus molestiae. Enim quo in mollitia maxime. Reiciendis ipsum ut incidunt aspernatur eaque.', '2', '2018-09-08 10:16:50', '2018-09-08 10:16:50');
INSERT INTO `reviews` VALUES ('76', '6', 'Prof. Korey Feest IV', 'Ut dolores quas et sed quis hic. Provident ut et fugit aut quia delectus rerum velit. Dolor id eligendi fugiat consequuntur odit. Cupiditate dicta similique et consectetur animi.', '0', '2018-09-08 10:16:50', '2018-09-08 10:16:50');
INSERT INTO `reviews` VALUES ('77', '33', 'Reina Prosacco', 'Explicabo velit labore vel tenetur. Eum excepturi voluptatem non atque deleniti consequuntur. Explicabo hic voluptatem corrupti fugit sequi voluptatem fuga. Perferendis voluptatem nisi ut.', '5', '2018-09-08 10:16:50', '2018-09-08 10:16:50');
INSERT INTO `reviews` VALUES ('78', '38', 'Ms. Frances White II', 'Omnis tempora laudantium tempore vel rerum iusto. A nemo delectus aut quis. Neque dolorem tempore quia culpa.', '1', '2018-09-08 10:16:50', '2018-09-08 10:16:50');
INSERT INTO `reviews` VALUES ('79', '17', 'Sage O\'Keefe', 'Occaecati officia reiciendis cupiditate dignissimos aliquid. Iure fugiat eum est reprehenderit perferendis occaecati. Occaecati sunt occaecati vero autem reprehenderit quisquam quis.', '4', '2018-09-08 10:16:50', '2018-09-08 10:16:50');
INSERT INTO `reviews` VALUES ('80', '35', 'Maci Miller III', 'Asperiores quis eum sit ullam voluptates quis distinctio quas. Quas facilis quia et quod quas. Dolorum quia in expedita rerum. Dolore blanditiis est consectetur voluptatem.', '4', '2018-09-08 10:16:50', '2018-09-08 10:16:50');
INSERT INTO `reviews` VALUES ('81', '9', 'Liza Kilback', 'Ea porro itaque accusantium ab aspernatur. Neque quisquam quia saepe vero. Quia harum aut modi atque. Impedit magnam aut perferendis quasi voluptas et repellat. Iusto reprehenderit molestiae facere.', '5', '2018-09-08 10:16:50', '2018-09-08 10:16:50');
INSERT INTO `reviews` VALUES ('82', '21', 'Dedrick Graham', 'Deserunt consequatur vel quas laudantium quo modi. Exercitationem exercitationem enim in vitae et dolorum. Officia eaque eos rerum ratione sint qui. Et aspernatur cum fuga explicabo praesentium.', '5', '2018-09-08 10:16:50', '2018-09-08 10:16:50');
INSERT INTO `reviews` VALUES ('83', '8', 'Heaven Windler', 'Qui rerum velit est ut. Et veritatis quisquam aperiam necessitatibus doloremque accusantium unde consequuntur. Rerum id vero occaecati consequatur nihil ut. Sit molestiae officiis necessitatibus quo quis sint dicta sunt.', '2', '2018-09-08 10:16:50', '2018-09-08 10:16:50');
INSERT INTO `reviews` VALUES ('84', '7', 'Dorthy Stroman', 'Id id maxime in rerum maxime. Et laboriosam et temporibus quaerat dolorem dicta. Et eaque expedita aut. Ut atque aspernatur quae error incidunt mollitia qui.', '4', '2018-09-08 10:16:50', '2018-09-08 10:16:50');
INSERT INTO `reviews` VALUES ('85', '17', 'Chelsea Beatty I', 'Aspernatur unde aut dolorum asperiores qui. Voluptas architecto sed natus quia. Dolores praesentium repellendus quia laudantium sit eum. Dolores excepturi sunt aperiam eius optio laborum. Ut nam accusamus qui aut quia.', '5', '2018-09-08 10:16:50', '2018-09-08 10:16:50');
INSERT INTO `reviews` VALUES ('86', '28', 'Mrs. Rowena Maggio V', 'Non qui quos non in. Numquam quisquam et sit magni libero. Necessitatibus dolore quo ipsa autem.', '3', '2018-09-08 10:16:50', '2018-09-08 10:16:50');
INSERT INTO `reviews` VALUES ('87', '11', 'Jillian Schaden', 'Corporis voluptatem voluptatem perspiciatis quam delectus sunt. Modi perferendis perspiciatis ut. Vel quaerat aut ipsa est quia fugit libero.', '4', '2018-09-08 10:16:50', '2018-09-08 10:16:50');
INSERT INTO `reviews` VALUES ('88', '20', 'Nicholaus Abbott I', 'Sunt ipsum corrupti ullam eos. Omnis expedita quam vitae iste tempora sit. Id pariatur numquam quia et molestias asperiores et. Natus illo tempora nesciunt nisi error rerum.', '5', '2018-09-08 10:16:50', '2018-09-08 10:16:50');
INSERT INTO `reviews` VALUES ('89', '49', 'Olga Grady I', 'Accusantium consequatur tempore velit ut. Et molestias temporibus voluptas sit sit est optio. Sit officiis sint maiores voluptatum provident voluptatibus nostrum vel. Nobis alias dolores omnis.', '1', '2018-09-08 10:16:50', '2018-09-08 10:16:50');
INSERT INTO `reviews` VALUES ('90', '28', 'Chelsea Stark DVM', 'Facere ab velit et doloremque dicta ut est. Porro at sint adipisci accusantium. Labore dolores quam iusto autem suscipit.', '5', '2018-09-08 10:16:50', '2018-09-08 10:16:50');
INSERT INTO `reviews` VALUES ('91', '34', 'Buddy Stracke', 'Ratione at amet qui. Reiciendis nemo ut ut perferendis veniam nostrum. Quidem porro ut vero. Nobis dolorem voluptate est ut ea ea quasi.', '2', '2018-09-08 10:16:50', '2018-09-08 10:16:50');
INSERT INTO `reviews` VALUES ('92', '37', 'Benedict O\'Keefe', 'Qui cumque consequatur nihil odio veritatis atque magnam et. Velit eligendi praesentium ullam tempora officiis repellendus.', '5', '2018-09-08 10:16:50', '2018-09-08 10:16:50');
INSERT INTO `reviews` VALUES ('93', '10', 'Mr. Kade Stracke', 'Quia et cupiditate nostrum suscipit optio. Debitis ex praesentium quia ducimus unde. Ut in nisi sequi.', '3', '2018-09-08 10:16:50', '2018-09-08 10:16:50');
INSERT INTO `reviews` VALUES ('94', '34', 'Krista Rempel', 'Omnis consequatur vero veniam et placeat quis enim et. Aut quia quis necessitatibus voluptatem iste.', '1', '2018-09-08 10:16:50', '2018-09-08 10:16:50');
INSERT INTO `reviews` VALUES ('95', '14', 'Halle Gutkowski', 'Nostrum omnis non excepturi doloremque tenetur. Omnis laudantium iste sint architecto enim. Est soluta voluptate nihil et. Corrupti dolor cumque qui fugit dolorum.', '0', '2018-09-08 10:16:50', '2018-09-08 10:16:50');
INSERT INTO `reviews` VALUES ('96', '39', 'Carol Predovic III', 'Non nesciunt ut et necessitatibus et. Pariatur mollitia culpa officiis quos. Voluptatem dolorem debitis similique dolorem accusantium cupiditate quia. Consequatur sed dolorem in sit blanditiis vel assumenda. Quo dolore nesciunt error.', '4', '2018-09-08 10:16:50', '2018-09-08 10:16:50');
INSERT INTO `reviews` VALUES ('97', '18', 'Isabelle Batz', 'Saepe quas dolor dolorum quia deserunt accusantium. Debitis eveniet et saepe omnis ab est sunt. Possimus eos quod laboriosam rerum nisi qui tenetur.', '4', '2018-09-08 10:16:50', '2018-09-08 10:16:50');
INSERT INTO `reviews` VALUES ('98', '44', 'Janet Bruen', 'Consequatur quis et et. Fuga aut sit adipisci quod voluptatem facere ut. Qui aspernatur officiis enim quod et eveniet. Sunt dicta est mollitia.', '1', '2018-09-08 10:16:50', '2018-09-08 10:16:50');
INSERT INTO `reviews` VALUES ('99', '20', 'Darian Kihn IV', 'Non reiciendis porro nihil eaque rem aut ut. Sit est ex quod esse laboriosam quisquam eos laborum. Mollitia voluptas illum recusandae rerum ut neque dolores. Iusto consectetur porro veritatis modi consequatur ipsum culpa aut.', '4', '2018-09-08 10:16:50', '2018-09-08 10:16:50');
INSERT INTO `reviews` VALUES ('100', '33', 'Kelly Lesch', 'Omnis sapiente facere qui voluptatibus alias ullam quia. Dolore incidunt recusandae inventore explicabo magnam. Eos reiciendis facilis deleniti cupiditate ut et.', '5', '2018-09-08 10:16:50', '2018-09-08 10:16:50');
INSERT INTO `reviews` VALUES ('101', '20', 'Prince Johnson', 'Recusandae saepe qui et fuga minima veniam. Ipsam ut est nulla ex est asperiores. Sunt doloremque mollitia suscipit et.', '5', '2018-09-08 10:16:50', '2018-09-08 10:16:50');
INSERT INTO `reviews` VALUES ('102', '34', 'Betty D\'Amore Sr.', 'Debitis sint quis aliquam sed repellat provident nesciunt consequatur. Ipsum nam facere ab dolores occaecati rerum. Laboriosam adipisci sit necessitatibus nihil molestiae dicta. Nihil numquam mollitia non.', '2', '2018-09-08 10:16:50', '2018-09-08 10:16:50');
INSERT INTO `reviews` VALUES ('103', '31', 'Emilia Morissette', 'Id mollitia ex ex mollitia excepturi est vitae perferendis. Dolor voluptatem quis doloribus totam. Dolor accusantium dignissimos recusandae eligendi.', '1', '2018-09-08 10:16:50', '2018-09-08 10:16:50');
INSERT INTO `reviews` VALUES ('104', '10', 'Kenya Jenkins', 'Repudiandae nostrum mollitia facere laudantium at optio. Facilis quis saepe non rem occaecati esse sed. Voluptatem ratione quasi cupiditate harum.', '0', '2018-09-08 10:16:50', '2018-09-08 10:16:50');
INSERT INTO `reviews` VALUES ('105', '45', 'Marisa Rowe', 'Odit quod qui tenetur mollitia consequatur commodi. Voluptatem quisquam modi repellendus cumque quibusdam. Molestias dignissimos et explicabo facere nulla et. Doloremque facilis veniam vel pariatur dolores earum sunt.', '0', '2018-09-08 10:16:50', '2018-09-08 10:16:50');
INSERT INTO `reviews` VALUES ('106', '5', 'Annamarie Botsford', 'Minus aut dolores facere aut molestiae magni nihil consequatur. Asperiores quo quam odit voluptatem sapiente. Qui recusandae qui consequuntur iure et deserunt laboriosam.', '0', '2018-09-08 10:16:50', '2018-09-08 10:16:50');
INSERT INTO `reviews` VALUES ('107', '4', 'Miss Kelsie Langworth', 'Possimus dolorum hic necessitatibus laborum optio aut magni. Totam est vel a non hic. Soluta inventore sit alias dolorem aut perferendis accusamus. Asperiores quas et deserunt quia odio.', '3', '2018-09-08 10:16:50', '2018-09-08 10:16:50');
INSERT INTO `reviews` VALUES ('108', '16', 'Jettie Buckridge III', 'Cupiditate necessitatibus enim est quis officia reprehenderit et. Iure et animi est cum cumque aliquam. Eum voluptate quas laboriosam exercitationem.', '4', '2018-09-08 10:16:50', '2018-09-08 10:16:50');
INSERT INTO `reviews` VALUES ('109', '47', 'Mr. Dagmar Erdman IV', 'Est et eaque illo suscipit. Quos nisi autem sed iusto qui. Dignissimos atque dolores rem laudantium et.', '2', '2018-09-08 10:16:50', '2018-09-08 10:16:50');
INSERT INTO `reviews` VALUES ('110', '24', 'Prudence Wisoky', 'Atque quos deleniti tenetur molestiae veritatis. Odit neque reprehenderit natus facere officiis et architecto eos. Quia aspernatur fugiat autem iste hic debitis architecto. Et dolorum quas dolore aut dolore natus aut eos.', '0', '2018-09-08 10:16:50', '2018-09-08 10:16:50');
INSERT INTO `reviews` VALUES ('111', '50', 'Raul Moen', 'Ut animi quia in fugit. Autem et explicabo temporibus molestiae ad ut. Incidunt nobis eveniet ipsam. Minus adipisci voluptatibus et eos.', '5', '2018-09-08 10:16:50', '2018-09-08 10:16:50');
INSERT INTO `reviews` VALUES ('112', '8', 'Alanis Keeling', 'Blanditiis rerum pariatur itaque laudantium. Asperiores natus commodi facilis velit. Voluptatem quaerat corrupti perferendis veniam laboriosam impedit. Voluptates quam beatae dolor aut rerum culpa.', '5', '2018-09-08 10:16:50', '2018-09-08 10:16:50');
INSERT INTO `reviews` VALUES ('113', '34', 'Lavada Bradtke', 'Dolor vel aut soluta magnam. Beatae et sit vero pariatur. Distinctio est optio quo voluptatem voluptatibus qui aperiam.', '5', '2018-09-08 10:16:50', '2018-09-08 10:16:50');
INSERT INTO `reviews` VALUES ('114', '22', 'Zelma Kris', 'Velit illum eum voluptatem. Ex quidem et qui sint voluptas magni blanditiis. Consequatur vel labore voluptatem qui rerum quia perferendis. Odio hic animi veritatis ratione maxime.', '2', '2018-09-08 10:16:50', '2018-09-08 10:16:50');
INSERT INTO `reviews` VALUES ('115', '1', 'Mrs. Lonie Simonis', 'Enim aut rerum iusto et omnis soluta qui. Ex impedit voluptatem labore facere vero. Iure illum et eveniet rerum facilis. Minus provident blanditiis adipisci corporis.', '4', '2018-09-08 10:16:50', '2018-09-08 10:16:50');
INSERT INTO `reviews` VALUES ('116', '34', 'Ashton Streich', 'Fuga numquam voluptas blanditiis. Quia vel amet nemo alias labore officia. Quo nesciunt corrupti amet quod. Vitae corrupti sunt id sint et illum.', '2', '2018-09-08 10:16:50', '2018-09-08 10:16:50');
INSERT INTO `reviews` VALUES ('117', '42', 'Lorenza Sawayn', 'Voluptas voluptatibus distinctio et modi et provident sit. Molestiae enim consequatur eum laboriosam fugiat. Quaerat ut repellat corporis reiciendis explicabo fuga minus. Aut consequatur soluta et est incidunt inventore vel modi.', '4', '2018-09-08 10:16:51', '2018-09-08 10:16:51');
INSERT INTO `reviews` VALUES ('118', '47', 'Miss Lura Daugherty', 'Aspernatur expedita impedit eaque minima. Occaecati fugit et officiis ut odit qui magnam. Aut quos distinctio velit dolorem culpa. Harum sequi tempore aut et est.', '3', '2018-09-08 10:16:51', '2018-09-08 10:16:51');
INSERT INTO `reviews` VALUES ('119', '8', 'Ms. Iva Schowalter', 'Sed architecto veritatis non in. Reiciendis facilis a dolor unde aut totam aut. Dignissimos qui sed cum dolore. Explicabo voluptatem id vel suscipit saepe qui cupiditate sequi.', '5', '2018-09-08 10:16:51', '2018-09-08 10:16:51');
INSERT INTO `reviews` VALUES ('120', '36', 'Prof. Maynard Nicolas IV', 'Et illum unde suscipit natus ipsum. Vel commodi odit qui aut facilis aut. Dolorem tenetur eum quibusdam ut et ut. Voluptatibus iste sunt asperiores praesentium hic.', '3', '2018-09-08 10:16:51', '2018-09-08 10:16:51');
INSERT INTO `reviews` VALUES ('121', '47', 'Patience Lakin IV', 'Optio dolor est dolorem nulla ut rem. Saepe cumque corporis suscipit corporis est. Sapiente eligendi error omnis similique cumque cumque. Animi vitae labore nostrum consequatur sequi nesciunt reprehenderit est.', '0', '2018-09-08 10:16:51', '2018-09-08 10:16:51');
INSERT INTO `reviews` VALUES ('122', '33', 'Amber Reilly', 'Ut perspiciatis explicabo dolores soluta excepturi. Itaque suscipit nihil et eum. Omnis libero dolorum rerum voluptatibus esse. Magni vero cupiditate velit aspernatur sapiente.', '0', '2018-09-08 10:16:51', '2018-09-08 10:16:51');
INSERT INTO `reviews` VALUES ('123', '14', 'Kaitlin Kilback', 'Ex aut sapiente inventore in sint ipsam. Blanditiis nihil voluptatum consectetur assumenda voluptate. Id voluptatem cumque totam error praesentium architecto. Expedita deserunt voluptatibus dolor ipsum officia non placeat.', '0', '2018-09-08 10:16:51', '2018-09-08 10:16:51');
INSERT INTO `reviews` VALUES ('124', '21', 'Keaton Mosciski', 'Mollitia modi ab amet magni soluta exercitationem voluptatum. Aliquam dolor minima rem. Laudantium optio et ut asperiores consequuntur dolor omnis. Repudiandae quia quo eum.', '1', '2018-09-08 10:16:51', '2018-09-08 10:16:51');
INSERT INTO `reviews` VALUES ('125', '10', 'Deion Considine', 'Totam neque iste nisi vero officiis officiis. Dolor non omnis ea consequuntur natus. Doloremque quod dolorem aut. Quia est eum sit et. Ut adipisci et autem eum mollitia ut et.', '0', '2018-09-08 10:16:51', '2018-09-08 10:16:51');
INSERT INTO `reviews` VALUES ('126', '20', 'Cecil Greenfelder', 'Quia necessitatibus non libero vero. Placeat dignissimos voluptas ex dolores nam rerum. Cupiditate maiores fuga labore quia repellat necessitatibus quas. Accusamus delectus nulla necessitatibus dolores et illo.', '5', '2018-09-08 10:16:51', '2018-09-08 10:16:51');
INSERT INTO `reviews` VALUES ('127', '46', 'Dr. Philip Gutmann Jr.', 'Aliquam autem qui laborum ipsum. Non et dolorum sit dignissimos facilis a eum. Itaque vitae quia fuga laudantium impedit. Quis doloremque eos expedita enim voluptatem.', '2', '2018-09-08 10:16:51', '2018-09-08 10:16:51');
INSERT INTO `reviews` VALUES ('128', '26', 'Dominic Weber', 'Omnis ratione molestiae non ratione enim ipsum voluptates. Ut aut quia ipsam. Aperiam ipsum quos et deserunt. Aut velit voluptatem et dolorem molestias enim quia similique.', '3', '2018-09-08 10:16:51', '2018-09-08 10:16:51');
INSERT INTO `reviews` VALUES ('129', '8', 'Dr. Lenore Hintz', 'Eligendi maiores earum nam incidunt. Quis enim eum nulla et et. Dolorum sed soluta et saepe sit culpa temporibus. Pariatur voluptas voluptate aut incidunt eligendi pariatur libero alias.', '4', '2018-09-08 10:16:51', '2018-09-08 10:16:51');
INSERT INTO `reviews` VALUES ('130', '7', 'Miller West Jr.', 'Nihil iste nulla molestiae maxime et. Et et ut architecto quisquam. Dolores minus odio rerum ipsam.', '2', '2018-09-08 10:16:51', '2018-09-08 10:16:51');
INSERT INTO `reviews` VALUES ('131', '15', 'Mr. Ronny Wilderman', 'Porro et inventore aperiam. Consequatur quam quis maxime. Minus voluptatem ab tenetur aut.', '5', '2018-09-08 10:16:51', '2018-09-08 10:16:51');
INSERT INTO `reviews` VALUES ('132', '16', 'Mr. Micheal Bartoletti', 'Et pariatur aperiam consequatur quidem quia enim. Facilis necessitatibus rerum aut repellat. Voluptas unde rem ut deserunt officiis veniam. Dolorem adipisci ducimus enim aspernatur molestias omnis qui rem.', '5', '2018-09-08 10:16:51', '2018-09-08 10:16:51');
INSERT INTO `reviews` VALUES ('133', '6', 'Rocky Kris Jr.', 'Animi quidem eum ut quis. Ullam nobis qui debitis qui delectus provident a. Sint qui qui voluptatem velit. Necessitatibus vero reprehenderit sit cupiditate. Numquam esse quia nobis.', '2', '2018-09-08 10:16:51', '2018-09-08 10:16:51');
INSERT INTO `reviews` VALUES ('134', '7', 'Werner Swaniawski', 'Aut in voluptate ut consequatur id. Autem velit libero at accusantium officiis asperiores minus. Id magnam necessitatibus voluptatem corporis a. Aut laudantium in a sit quis. Dicta sapiente distinctio facilis deleniti in.', '3', '2018-09-08 10:16:51', '2018-09-08 10:16:51');
INSERT INTO `reviews` VALUES ('135', '12', 'Lee Bins', 'Et doloremque qui cumque dicta provident veniam beatae. Quia sit praesentium quibusdam doloremque pariatur ad eaque. Magnam aut hic molestiae neque. Reiciendis facere autem quibusdam aut sint qui rerum.', '4', '2018-09-08 10:16:51', '2018-09-08 10:16:51');
INSERT INTO `reviews` VALUES ('136', '15', 'Ms. Letitia Beahan', 'Ut praesentium porro nostrum sed qui. Omnis voluptas est non at illo qui. Qui molestiae ut sapiente iure deleniti quis quas. Et culpa ea sed.', '3', '2018-09-08 10:16:51', '2018-09-08 10:16:51');
INSERT INTO `reviews` VALUES ('137', '35', 'Abby Kemmer', 'Architecto et molestiae facilis et qui corporis. Reiciendis est consequatur culpa numquam maiores quisquam illo.', '4', '2018-09-08 10:16:51', '2018-09-08 10:16:51');
INSERT INTO `reviews` VALUES ('138', '4', 'Prof. Gilberto Osinski', 'Sed quia molestias architecto aliquam ut delectus fugit. Quos natus omnis dolore deserunt ducimus quia. Asperiores maiores enim corrupti animi beatae dolorem aut iusto. Repellendus asperiores quia expedita reprehenderit sint officiis possimus facere.', '3', '2018-09-08 10:16:51', '2018-09-08 10:16:51');
INSERT INTO `reviews` VALUES ('139', '42', 'Dr. Alysson Kemmer', 'Pariatur quae vel ad aut. Non alias explicabo in voluptas architecto debitis. Aut ea velit aperiam aliquid omnis eaque eius. Quaerat aut eos aut exercitationem in in.', '0', '2018-09-08 10:16:51', '2018-09-08 10:16:51');
INSERT INTO `reviews` VALUES ('140', '14', 'Eldora Reilly', 'Rerum ea et sit. Fugiat ut ipsa aut sunt reiciendis non non ducimus. Cumque explicabo dignissimos iure.', '3', '2018-09-08 10:16:51', '2018-09-08 10:16:51');
INSERT INTO `reviews` VALUES ('141', '48', 'Mr. Clyde Hamill Sr.', 'Maiores non illo eos consequatur ut. Distinctio iste doloribus velit ex voluptatibus. Accusantium ut voluptate temporibus et et ratione repellendus veniam. Quaerat vel totam voluptatem incidunt dicta quod.', '5', '2018-09-08 10:16:51', '2018-09-08 10:16:51');
INSERT INTO `reviews` VALUES ('142', '6', 'Josh Terry I', 'Est amet omnis assumenda consequatur qui sit. Et est est voluptas quasi. Modi placeat exercitationem est.', '2', '2018-09-08 10:16:51', '2018-09-08 10:16:51');
INSERT INTO `reviews` VALUES ('143', '25', 'Alexandrea Hessel PhD', 'Consequuntur eum perspiciatis ut quia in architecto. Delectus incidunt aspernatur velit quia qui nisi esse. Exercitationem neque at qui suscipit voluptate.', '0', '2018-09-08 10:16:51', '2018-09-08 10:16:51');
INSERT INTO `reviews` VALUES ('144', '47', 'Reese Rosenbaum', 'Sint dignissimos dolor eligendi. Corrupti officia officia officiis fuga sequi adipisci ipsa. Sed inventore qui sed cupiditate. Expedita autem repudiandae quo qui omnis fuga totam.', '1', '2018-09-08 10:16:51', '2018-09-08 10:16:51');
INSERT INTO `reviews` VALUES ('145', '26', 'Fabiola Kassulke', 'Autem nihil et impedit qui voluptas quo. Consectetur quae aut voluptate suscipit facilis. Voluptatem maiores expedita sit sit error et. Facere dolores possimus ea et aut.', '0', '2018-09-08 10:16:51', '2018-09-08 10:16:51');
INSERT INTO `reviews` VALUES ('146', '20', 'Henri Wisoky', 'Unde ad dolor unde. Ut voluptatem rerum est nisi in. Id laudantium quia aut libero magnam maxime ut aut.', '3', '2018-09-08 10:16:51', '2018-09-08 10:16:51');
INSERT INTO `reviews` VALUES ('147', '26', 'Ms. Veronica Cassin PhD', 'Quia aut quaerat unde nulla voluptatem suscipit porro. Voluptates est cumque non quo est eius corporis. Magni nemo est ut repudiandae nesciunt excepturi. Qui amet ut qui eum impedit.', '4', '2018-09-08 10:16:51', '2018-09-08 10:16:51');
INSERT INTO `reviews` VALUES ('148', '25', 'Beulah Braun III', 'Nisi doloremque dolorem dignissimos id soluta aut. Dolorem delectus porro voluptates debitis qui qui laborum. Eum qui atque et est. Quas quibusdam quod beatae. Distinctio eligendi dolorem vel sapiente doloribus quia necessitatibus aut.', '3', '2018-09-08 10:16:51', '2018-09-08 10:16:51');
INSERT INTO `reviews` VALUES ('149', '16', 'Pablo Reinger', 'Eos quo doloremque quod quia tempora quam aut. Sed voluptatem vel eligendi quia ut sed consectetur. Minima ad sed voluptatem totam accusamus earum.', '0', '2018-09-08 10:16:51', '2018-09-08 10:16:51');
INSERT INTO `reviews` VALUES ('150', '26', 'Miss Marcella Padberg IV', 'Atque quia rerum est culpa dolore placeat. Est earum quos sed facere sapiente. Eius et sit quos. Qui recusandae suscipit in atque omnis.', '3', '2018-09-08 10:16:51', '2018-09-08 10:16:51');
INSERT INTO `reviews` VALUES ('151', '35', 'Dr. Matilde Senger V', 'Mollitia consequuntur necessitatibus expedita explicabo aut natus quam fuga. Adipisci sunt distinctio aut rerum. Similique asperiores maiores eaque enim et. Rerum adipisci ex aperiam.', '0', '2018-09-08 10:16:51', '2018-09-08 10:16:51');
INSERT INTO `reviews` VALUES ('152', '43', 'Enoch Legros', 'Et impedit corporis eveniet dolore voluptate fugit. Aliquam sit est quia dignissimos.', '0', '2018-09-08 10:16:51', '2018-09-08 10:16:51');
INSERT INTO `reviews` VALUES ('153', '11', 'Mr. Charley Roberts II', 'Aliquam rerum quia dolores eligendi mollitia iste. Maiores delectus et voluptas eius ipsum sint provident. Architecto dolorum voluptas dignissimos reiciendis repellat. Tempore eveniet maiores rerum.', '0', '2018-09-08 10:16:51', '2018-09-08 10:16:51');
INSERT INTO `reviews` VALUES ('154', '2', 'Kenyon Ortiz', 'Quaerat reprehenderit consequuntur officia. Veritatis provident fugit itaque sed quia quia. Hic modi et quidem.', '1', '2018-09-08 10:16:51', '2018-09-08 10:16:51');
INSERT INTO `reviews` VALUES ('155', '43', 'Karelle White IV', 'Earum aut suscipit eligendi. Itaque dolore rerum iure at. Amet tempora natus esse. Aut quis sit repellendus beatae. Animi incidunt quia blanditiis eos exercitationem aliquam sit quia.', '3', '2018-09-08 10:16:51', '2018-09-08 10:16:51');
INSERT INTO `reviews` VALUES ('156', '32', 'Prof. Anahi Herzog PhD', 'Et fuga et saepe ipsa eum minima. Non dolorum vel voluptas sunt cupiditate quas soluta. Fugiat iusto enim distinctio.', '0', '2018-09-08 10:16:51', '2018-09-08 10:16:51');
INSERT INTO `reviews` VALUES ('157', '25', 'Tyrique Eichmann', 'Sit et amet corporis omnis et magnam. Pariatur quibusdam est quis dolore ut. Sit sed illum ab eaque repellat voluptates. Nemo quaerat voluptatem facere enim.', '0', '2018-09-08 10:16:51', '2018-09-08 10:16:51');
INSERT INTO `reviews` VALUES ('158', '9', 'Nicolas Cremin', 'Cupiditate provident ducimus dolore commodi ea vel. Perspiciatis aut sed excepturi alias corporis laudantium rerum. Accusamus illum quae esse et ut provident.', '4', '2018-09-08 10:16:51', '2018-09-08 10:16:51');
INSERT INTO `reviews` VALUES ('159', '47', 'Sterling Crona', 'Eligendi doloremque aut est neque praesentium eligendi. Ad quae maiores veritatis dolorum aut. Commodi animi nihil aut fuga iusto optio occaecati.', '4', '2018-09-08 10:16:51', '2018-09-08 10:16:51');
INSERT INTO `reviews` VALUES ('160', '26', 'Frida Satterfield', 'Explicabo voluptates ducimus nobis fuga nam odio. Voluptatum distinctio laudantium amet nostrum minus est libero animi.', '4', '2018-09-08 10:16:51', '2018-09-08 10:16:51');
INSERT INTO `reviews` VALUES ('161', '34', 'Mrs. Dixie Stoltenberg V', 'Provident minus iusto repellat dignissimos perferendis minima. Sit excepturi fuga ut quo expedita rerum. Dicta non porro aliquid fugit.', '0', '2018-09-08 10:16:51', '2018-09-08 10:16:51');
INSERT INTO `reviews` VALUES ('162', '50', 'Mr. Stevie Powlowski I', 'Suscipit numquam temporibus dolorum eum vel. Exercitationem adipisci quis minima dicta ipsam maiores. Ut harum autem temporibus quas est. Officia laborum iste et consequuntur aperiam ut.', '1', '2018-09-08 10:16:51', '2018-09-08 10:16:51');
INSERT INTO `reviews` VALUES ('163', '41', 'Marcellus McGlynn', 'Veniam quis porro reiciendis voluptatem rem illo. Aut enim earum recusandae soluta et. Assumenda sit fugiat perspiciatis nisi repellat voluptatem. Qui enim voluptatem dolores magnam et animi sed atque.', '1', '2018-09-08 10:16:51', '2018-09-08 10:16:51');
INSERT INTO `reviews` VALUES ('164', '46', 'Dr. Suzanne Dare II', 'Hic odio quis rerum unde laborum dolor. Eum omnis vel saepe soluta deserunt. Officiis pariatur ut nostrum ut.', '4', '2018-09-08 10:16:51', '2018-09-08 10:16:51');
INSERT INTO `reviews` VALUES ('165', '48', 'Jerald Brakus III', 'Et quis quo aliquam voluptas porro rerum qui. Quo omnis doloribus neque et ab autem magni. Quas ut velit eum qui. Dolorum eum tempore et suscipit molestias magni qui.', '1', '2018-09-08 10:16:51', '2018-09-08 10:16:51');
INSERT INTO `reviews` VALUES ('166', '4', 'Bonnie Ward', 'Aut vel officia mollitia recusandae corrupti necessitatibus architecto. Libero perspiciatis deleniti maxime itaque fugit. Magnam enim omnis qui libero. Sint natus et magnam ipsa. Fugit sequi sit iusto nulla adipisci ut ex rerum.', '1', '2018-09-08 10:16:51', '2018-09-08 10:16:51');
INSERT INTO `reviews` VALUES ('167', '3', 'Jamel Hand', 'Perferendis culpa quam ut unde aut alias quia. Accusantium a tenetur earum praesentium. Harum tenetur excepturi a delectus similique dolorum a. Magni aut minima dicta dolore repellendus commodi.', '4', '2018-09-08 10:16:51', '2018-09-08 10:16:51');
INSERT INTO `reviews` VALUES ('168', '18', 'Carissa Ratke IV', 'Esse maxime et blanditiis eos debitis a enim nisi. Temporibus commodi corporis rem voluptatem temporibus et. Eum minima maxime expedita et ipsum et excepturi. Eos et consequuntur magni debitis et.', '1', '2018-09-08 10:16:51', '2018-09-08 10:16:51');
INSERT INTO `reviews` VALUES ('169', '15', 'Miss Lori Hand V', 'Molestiae laboriosam est sit rem architecto ipsa. Molestiae est eum ut unde qui. Error dolor voluptatem asperiores praesentium. Sequi et quia voluptas aliquid eos est.', '0', '2018-09-08 10:16:51', '2018-09-08 10:16:51');
INSERT INTO `reviews` VALUES ('170', '33', 'Larry White', 'Nemo expedita ut vero tempore et. Accusamus et ducimus illum qui nihil. Harum minus porro quia laudantium. Enim dolores accusantium error eum fugiat nobis.', '0', '2018-09-08 10:16:51', '2018-09-08 10:16:51');
INSERT INTO `reviews` VALUES ('171', '26', 'Breanna Abshire', 'Nulla adipisci eos suscipit sint. Omnis sequi ut earum similique architecto sint. Laudantium architecto ea qui tempore dolor qui. Et commodi omnis ut nisi quis.', '4', '2018-09-08 10:16:51', '2018-09-08 10:16:51');
INSERT INTO `reviews` VALUES ('172', '1', 'Liza Toy Sr.', 'Dicta nihil et temporibus commodi amet dignissimos provident. Veniam sit non mollitia earum. Et rerum id atque eius.', '2', '2018-09-08 10:16:51', '2018-09-08 10:16:51');
INSERT INTO `reviews` VALUES ('173', '13', 'Prof. Emilio Stoltenberg V', 'Ipsam eligendi veritatis odio qui. Id error officiis quisquam harum eligendi.', '2', '2018-09-08 10:16:51', '2018-09-08 10:16:51');
INSERT INTO `reviews` VALUES ('174', '36', 'Eldora Morar Jr.', 'Recusandae animi omnis error qui est ducimus. Quae magni dolores ullam aut praesentium. In culpa labore veritatis officiis porro et. Voluptas enim quia pariatur earum aspernatur.', '4', '2018-09-08 10:16:51', '2018-09-08 10:16:51');
INSERT INTO `reviews` VALUES ('175', '27', 'Kaya Schinner', 'Et culpa tenetur in maiores non aut a ut. Ullam maiores quisquam cupiditate voluptas nulla rerum. Sint dolorem est perferendis non. Error natus nulla nobis provident est et doloremque sed.', '3', '2018-09-08 10:16:51', '2018-09-08 10:16:51');
INSERT INTO `reviews` VALUES ('176', '36', 'Derick Klein', 'Eveniet vel est qui explicabo earum asperiores. Quo laudantium nemo maiores rem. Distinctio in sequi autem doloribus molestias non quod. Dolor magnam ratione eos est at.', '4', '2018-09-08 10:16:52', '2018-09-08 10:16:52');
INSERT INTO `reviews` VALUES ('177', '7', 'Ryder Spencer', 'Sequi asperiores labore eos id impedit et et. Voluptatibus a assumenda aut enim doloribus nisi. Accusantium quis exercitationem aperiam molestiae qui. Quis quia eaque ut voluptas.', '4', '2018-09-08 10:16:52', '2018-09-08 10:16:52');
INSERT INTO `reviews` VALUES ('178', '32', 'Stefan Grant', 'Optio quos iure debitis sed temporibus quod nemo quo. Impedit maxime aut quo deserunt et in. Omnis dolorem nobis itaque optio aut quis. Vel sed amet enim consequatur.', '2', '2018-09-08 10:16:52', '2018-09-08 10:16:52');
INSERT INTO `reviews` VALUES ('179', '3', 'Kendrick Gutkowski', 'Vel aut molestiae saepe laborum. Quis beatae voluptatem nulla occaecati. Aut error asperiores unde exercitationem nihil. Quia itaque fuga ipsam corporis molestiae ut aperiam.', '4', '2018-09-08 10:16:52', '2018-09-08 10:16:52');
INSERT INTO `reviews` VALUES ('180', '5', 'Gust Schmidt', 'Repudiandae repudiandae sapiente qui ex nihil delectus ratione. Nobis voluptatem et a fugiat.', '1', '2018-09-08 10:16:52', '2018-09-08 10:16:52');
INSERT INTO `reviews` VALUES ('181', '27', 'Tom Hand DDS', 'Placeat commodi dolorum rerum quas rem eum. Est fugit praesentium nulla nihil. Deserunt non quas praesentium dolorem aut.', '0', '2018-09-08 10:16:52', '2018-09-08 10:16:52');
INSERT INTO `reviews` VALUES ('182', '36', 'Garry Altenwerth', 'Aut laudantium dolorem veniam magni. Eum quas maiores eos dolores temporibus. Ipsa et nihil magni at similique. Neque ducimus quo eius.', '3', '2018-09-08 10:16:52', '2018-09-08 10:16:52');
INSERT INTO `reviews` VALUES ('183', '12', 'Carmela Bashirian', 'Eos ab sit amet velit dolor iste. Eveniet ipsum necessitatibus iste cupiditate quibusdam. Nihil voluptatem omnis qui in perspiciatis et quis.', '0', '2018-09-08 10:16:52', '2018-09-08 10:16:52');
INSERT INTO `reviews` VALUES ('184', '27', 'Rashawn Johns', 'Exercitationem deserunt blanditiis deserunt voluptatem rem. Ipsum in nostrum ut assumenda aut voluptatem error earum. Non porro qui eligendi animi et. Ipsam eos quis ab natus beatae.', '5', '2018-09-08 10:16:52', '2018-09-08 10:16:52');
INSERT INTO `reviews` VALUES ('185', '32', 'Brice Altenwerth', 'Numquam pariatur esse ut quas magni molestiae debitis rerum. Alias unde autem repudiandae earum laudantium et quos debitis. At praesentium voluptas quas facilis nisi eos.', '3', '2018-09-08 10:16:52', '2018-09-08 10:16:52');
INSERT INTO `reviews` VALUES ('186', '19', 'Oceane Kuhn', 'Repudiandae et eius quam ut. Enim mollitia in non aliquid labore beatae necessitatibus. Quisquam alias adipisci molestiae aperiam rerum omnis et. Rem vero illum ipsam sequi eum excepturi quas ullam. Labore molestiae labore nisi architecto sunt occaecati officiis.', '5', '2018-09-08 10:16:52', '2018-09-08 10:16:52');
INSERT INTO `reviews` VALUES ('187', '32', 'Viva Lynch', 'Rerum eveniet alias nostrum vero. Vel dolores magnam facilis omnis rerum ipsa. Voluptates aspernatur inventore similique ut repellendus mollitia. Fugit accusamus quia dignissimos recusandae molestias officia.', '0', '2018-09-08 10:16:52', '2018-09-08 10:16:52');
INSERT INTO `reviews` VALUES ('188', '16', 'Domenic DuBuque', 'Quasi harum corporis ut aut nisi ipsum quis dolore. Occaecati id adipisci quisquam et eligendi aut. Aut nam deleniti perspiciatis sequi. Enim similique suscipit aliquam omnis et similique debitis.', '2', '2018-09-08 10:16:52', '2018-09-08 10:16:52');
INSERT INTO `reviews` VALUES ('189', '38', 'Aida Zboncak DDS', 'Nisi dolorem sit provident voluptatibus. Nihil nostrum soluta in rerum. Dolorum aliquid et officia sint quibusdam perspiciatis sit. Ad dolor rerum amet vel.', '5', '2018-09-08 10:16:52', '2018-09-08 10:16:52');
INSERT INTO `reviews` VALUES ('190', '40', 'Lori Predovic', 'Modi sunt exercitationem reprehenderit quia et fugit. Reprehenderit in odio sed tenetur itaque doloribus sit. Qui et doloribus tempora rerum nisi. Unde officiis modi autem et fugit ut.', '5', '2018-09-08 10:16:52', '2018-09-08 10:16:52');
INSERT INTO `reviews` VALUES ('191', '47', 'Mr. Deshawn Pouros V', 'Eum inventore nam reiciendis nulla. Quia tenetur praesentium iusto eos ut. Ea in ratione repudiandae non iste.', '4', '2018-09-08 10:16:52', '2018-09-08 10:16:52');
INSERT INTO `reviews` VALUES ('192', '29', 'Gaylord Kris', 'Eius rerum rem consequatur odit porro alias omnis. Dicta aut qui temporibus quaerat incidunt iure rerum eos. Quae incidunt quia et minima sint rerum.', '1', '2018-09-08 10:16:52', '2018-09-08 10:16:52');
INSERT INTO `reviews` VALUES ('193', '48', 'Dr. Kyla Hermiston II', 'Quaerat eos adipisci rerum nisi. In sapiente maiores qui ea. Fugit fugiat aut consequatur qui quia doloremque cumque.', '4', '2018-09-08 10:16:52', '2018-09-08 10:16:52');
INSERT INTO `reviews` VALUES ('194', '39', 'Buford Wolff DDS', 'Voluptatem dolorem nesciunt velit aut rerum est tempora laborum. Dolor soluta deleniti asperiores nihil harum fugit. Error nulla quam sed velit quis. Et rerum distinctio in.', '0', '2018-09-08 10:16:52', '2018-09-08 10:16:52');
INSERT INTO `reviews` VALUES ('195', '46', 'Lilly Wilkinson', 'Minus nemo voluptates mollitia adipisci aliquid. Provident eius illum nostrum ut. Est aspernatur vitae nostrum consequatur dolores totam molestias. Quas qui vel ea placeat eveniet maxime.', '4', '2018-09-08 10:16:52', '2018-09-08 10:16:52');
INSERT INTO `reviews` VALUES ('196', '21', 'Floy Smitham', 'Et dolores quis et voluptatem nulla est dolor. Voluptate vero rerum laborum omnis reiciendis nihil. Quaerat repellendus quisquam et quo occaecati rerum consequatur. Qui eum aliquid amet aliquid quas consequuntur.', '4', '2018-09-08 10:16:52', '2018-09-08 10:16:52');
INSERT INTO `reviews` VALUES ('197', '5', 'Albina Cremin', 'Itaque eaque et sint eos dicta voluptate incidunt. Aut rerum maiores vel consectetur ab ipsa. Et eius reiciendis dolores eum eos.', '4', '2018-09-08 10:16:52', '2018-09-08 10:16:52');
INSERT INTO `reviews` VALUES ('198', '38', 'Georgette Rempel', 'Quis autem beatae ut saepe velit. Eos in sit aut dolore et.', '1', '2018-09-08 10:16:52', '2018-09-08 10:16:52');
INSERT INTO `reviews` VALUES ('199', '4', 'Cary Pfeffer', 'Debitis ea consequatur omnis qui vero magnam aut. Nam consequuntur aut totam voluptatibus. Incidunt cum nihil accusantium occaecati modi ratione deserunt. Doloremque laboriosam labore debitis exercitationem laborum nihil.', '2', '2018-09-08 10:16:52', '2018-09-08 10:16:52');
INSERT INTO `reviews` VALUES ('200', '48', 'Burley Williamson', 'Laboriosam quia et dolor enim ex. Aut sunt consequatur voluptatem magni expedita. Eius ratione possimus facilis dolor.', '3', '2018-09-08 10:16:52', '2018-09-08 10:16:52');
INSERT INTO `reviews` VALUES ('201', '7', 'Thad Bergnaum V', 'Sed odio aut et est quas aut at. Quis expedita quia minus laboriosam quidem et tempora. Esse est assumenda ad hic. Aperiam reiciendis quibusdam sunt molestiae tempora inventore placeat consectetur. Corporis et et adipisci eos earum natus ut.', '3', '2018-09-08 10:16:52', '2018-09-08 10:16:52');
INSERT INTO `reviews` VALUES ('202', '44', 'Virgil Ondricka Jr.', 'Hic est id ut illo consequatur inventore quasi. Sunt voluptate expedita voluptatem blanditiis. Aut velit placeat quia rerum optio esse deserunt. Qui quibusdam explicabo minima.', '1', '2018-09-08 10:16:52', '2018-09-08 10:16:52');
INSERT INTO `reviews` VALUES ('203', '3', 'Prof. Rickey Schaefer MD', 'Magnam iste quisquam aspernatur tempora dolorem consequatur nobis. Sit modi cumque sint illo quisquam aliquid. Consequatur molestias dolorum explicabo facilis quia beatae. Eos dolore et corrupti ut.', '3', '2018-09-08 10:16:52', '2018-09-08 10:16:52');
INSERT INTO `reviews` VALUES ('204', '19', 'Luisa Homenick', 'Aspernatur sit eum animi rerum. Quas est earum nulla dolores illo fugiat. Rerum sequi quae culpa id.', '0', '2018-09-08 10:16:52', '2018-09-08 10:16:52');
INSERT INTO `reviews` VALUES ('205', '27', 'Prof. Roberto Wilkinson III', 'Quos odio blanditiis commodi alias voluptate ut. Voluptatem provident excepturi impedit officiis architecto at. Sunt est qui nesciunt repellat mollitia sint. Dolorem sit qui veritatis minima.', '1', '2018-09-08 10:16:52', '2018-09-08 10:16:52');
INSERT INTO `reviews` VALUES ('206', '24', 'Elenora Haley', 'Similique earum deserunt voluptatem. Id porro quia aliquam eveniet minima. Et autem nostrum accusantium aut et ea quam. Amet corporis at distinctio.', '2', '2018-09-08 10:16:52', '2018-09-08 10:16:52');
INSERT INTO `reviews` VALUES ('207', '33', 'Bulah Mayert', 'Cumque odit eius vitae ratione qui eaque. Necessitatibus nisi labore veniam expedita dolorem. Architecto rem quisquam sit pariatur facilis enim qui.', '3', '2018-09-08 10:16:52', '2018-09-08 10:16:52');
INSERT INTO `reviews` VALUES ('208', '31', 'Prof. Tony Waelchi PhD', 'Delectus earum ut sint quas. Dolor ipsam fuga et fuga consectetur tempore alias. Delectus expedita numquam quia dignissimos ut. Officia dicta eum quis et perspiciatis.', '5', '2018-09-08 10:16:52', '2018-09-08 10:16:52');
INSERT INTO `reviews` VALUES ('209', '35', 'Naomi Veum Jr.', 'Saepe maxime placeat et distinctio. Ipsam ut aperiam itaque. Et aliquam error iure fugiat error autem dolores. Beatae non molestias sed nisi rem.', '1', '2018-09-08 10:16:52', '2018-09-08 10:16:52');
INSERT INTO `reviews` VALUES ('210', '2', 'Mr. Noah Hahn', 'Iure quam qui deserunt voluptatem. Ut omnis pariatur sed odit praesentium et totam eligendi. Nesciunt eum possimus et eius. Eius adipisci corrupti qui rerum modi.', '1', '2018-09-08 10:16:52', '2018-09-08 10:16:52');
INSERT INTO `reviews` VALUES ('211', '2', 'Maxine Morar', 'Incidunt corrupti nihil odit fugiat autem tempora. Ratione rerum consectetur quo sapiente quo excepturi excepturi. Quod dolor cumque asperiores accusantium facilis et. Asperiores atque cumque facilis quia ratione nobis et iure.', '2', '2018-09-08 10:16:52', '2018-09-08 10:16:52');
INSERT INTO `reviews` VALUES ('212', '12', 'Jakayla Rogahn', 'Molestias ipsa non et eum rerum non nemo. Perspiciatis porro tempora sit vel. Voluptatibus odio beatae dolorum dolores officiis.', '5', '2018-09-08 10:16:52', '2018-09-08 10:16:52');
INSERT INTO `reviews` VALUES ('213', '6', 'Margaret Homenick', 'Soluta voluptatem ex quod itaque architecto occaecati tenetur. Eius cupiditate ex rem molestias molestias veritatis. Amet aspernatur et aut omnis qui reiciendis fugiat quibusdam. Omnis qui voluptatem enim voluptas enim harum.', '1', '2018-09-08 10:16:52', '2018-09-08 10:16:52');
INSERT INTO `reviews` VALUES ('214', '19', 'Darrell Gerlach', 'Nobis nemo et eum et esse. Corrupti quos assumenda aut iure cumque qui. Voluptate ipsum laborum rerum totam omnis sunt autem aperiam. Vel consequatur molestiae aliquam perspiciatis rerum est sed.', '3', '2018-09-08 10:16:52', '2018-09-08 10:16:52');
INSERT INTO `reviews` VALUES ('215', '9', 'Mr. Marquis Armstrong', 'Eius fuga laboriosam nemo rerum enim et iure aut. Et reprehenderit placeat facere modi quibusdam ut eveniet. Omnis deserunt molestiae id aliquid rerum beatae aliquam totam. Amet eligendi tenetur et nostrum est voluptate.', '2', '2018-09-08 10:16:52', '2018-09-08 10:16:52');
INSERT INTO `reviews` VALUES ('216', '39', 'Sabryna Hand', 'Explicabo modi rerum vel aut. Nihil natus voluptatum eos corrupti quasi dolor. Delectus quaerat recusandae reiciendis ut ut.', '4', '2018-09-08 10:16:52', '2018-09-08 10:16:52');
INSERT INTO `reviews` VALUES ('217', '48', 'Miss Ciara Crooks', 'Sint consectetur ad exercitationem earum. Inventore fugiat et beatae vel rerum provident vero labore. Dignissimos ut et at officiis.', '0', '2018-09-08 10:16:52', '2018-09-08 10:16:52');
INSERT INTO `reviews` VALUES ('218', '50', 'Ms. Christina Effertz DDS', 'Tempora aut autem quia repellat cumque aliquid voluptas qui. Culpa explicabo corrupti dolor nihil. Id tempora accusantium ut sed incidunt nobis illo. Fuga voluptatibus dolor exercitationem pariatur. Quod fugiat neque est ut iure.', '4', '2018-09-08 10:16:52', '2018-09-08 10:16:52');
INSERT INTO `reviews` VALUES ('219', '18', 'Jayda Vandervort', 'Sunt nobis totam omnis non recusandae quae. Provident culpa corrupti consequuntur nemo optio. Nulla sunt blanditiis necessitatibus nihil. Dicta rerum sit voluptas at qui quisquam.', '0', '2018-09-08 10:16:52', '2018-09-08 10:16:52');
INSERT INTO `reviews` VALUES ('220', '34', 'Libby Weimann', 'Nulla neque incidunt nisi fugit eaque. Quasi id magni qui accusamus ut iusto. Culpa totam quos voluptate et eveniet laboriosam saepe. Accusantium nemo sapiente ratione. Dolor facilis pariatur ut vitae totam.', '0', '2018-09-08 10:16:52', '2018-09-08 10:16:52');
INSERT INTO `reviews` VALUES ('221', '25', 'Dr. Earnest Hickle DDS', 'Recusandae praesentium neque laudantium molestias nostrum natus. Veritatis aliquam occaecati optio non. Est reprehenderit provident voluptas blanditiis.', '3', '2018-09-08 10:16:52', '2018-09-08 10:16:52');
INSERT INTO `reviews` VALUES ('222', '40', 'Stewart Ferry IV', 'Facilis mollitia atque nostrum dolorem aliquid repellendus. Quo voluptatem dolorem dolorem reiciendis accusamus. Possimus laborum sit distinctio ex.', '2', '2018-09-08 10:16:52', '2018-09-08 10:16:52');
INSERT INTO `reviews` VALUES ('223', '2', 'Saige Graham', 'Eveniet exercitationem doloremque accusamus nulla quo dolor. Ab ad in accusantium eos architecto. Reiciendis quos ea quisquam et accusamus et id.', '1', '2018-09-08 10:16:52', '2018-09-08 10:16:52');
INSERT INTO `reviews` VALUES ('224', '20', 'Ozella O\'Conner', 'Distinctio error est veniam quia enim rerum occaecati est. Quasi asperiores quod laboriosam quo at. Incidunt sed ea sint vitae quisquam.', '5', '2018-09-08 10:16:52', '2018-09-08 10:16:52');
INSERT INTO `reviews` VALUES ('225', '31', 'Rollin Wiegand', 'Id in labore ad voluptatem sed ea explicabo. Consequatur tempore quam debitis nam. Est sint officiis nulla est veniam corporis. Ut architecto tenetur praesentium earum repudiandae.', '0', '2018-09-08 10:16:52', '2018-09-08 10:16:52');
INSERT INTO `reviews` VALUES ('226', '45', 'Marta Williamson', 'Et dolorem aliquam rerum esse provident. Dolorem et pariatur nesciunt incidunt. Est vero est nulla. Odio et libero ipsa.', '3', '2018-09-08 10:16:52', '2018-09-08 10:16:52');
INSERT INTO `reviews` VALUES ('227', '19', 'Martine Upton', 'Aliquid molestiae et neque. Earum et rerum et. Aut optio maxime et praesentium.', '2', '2018-09-08 10:16:52', '2018-09-08 10:16:52');
INSERT INTO `reviews` VALUES ('228', '11', 'Prof. Rahsaan Keeling MD', 'Numquam dolor delectus perspiciatis natus consectetur. Nemo recusandae molestias quis et expedita ut distinctio. Quisquam culpa excepturi dolore corporis.', '1', '2018-09-08 10:16:52', '2018-09-08 10:16:52');
INSERT INTO `reviews` VALUES ('229', '37', 'Bryon Hane PhD', 'Laboriosam soluta odio aliquid. Illum alias nobis necessitatibus adipisci. Est sequi laudantium facere cumque tempore magni.', '3', '2018-09-08 10:16:52', '2018-09-08 10:16:52');
INSERT INTO `reviews` VALUES ('230', '23', 'Everette Harvey', 'Sit non voluptatem architecto et est nisi. Quam quia sed doloribus qui a. Quis aliquid ab inventore magnam explicabo et. Nihil eum autem error veritatis.', '1', '2018-09-08 10:16:52', '2018-09-08 10:16:52');
INSERT INTO `reviews` VALUES ('231', '7', 'Genevieve Dach', 'Beatae fuga velit aut laboriosam sed voluptatem. Deleniti quas sunt et temporibus dolorem laudantium. Asperiores omnis ut illo quia non similique architecto. Voluptatem molestiae est consectetur harum.', '2', '2018-09-08 10:16:52', '2018-09-08 10:16:52');
INSERT INTO `reviews` VALUES ('232', '28', 'Braeden Runolfsson', 'Doloremque recusandae officia hic perspiciatis. Qui magnam voluptatem reiciendis asperiores sed sit nisi. Eveniet minima laudantium ut autem consequatur nulla labore similique.', '1', '2018-09-08 10:16:52', '2018-09-08 10:16:52');
INSERT INTO `reviews` VALUES ('233', '23', 'Walton Christiansen', 'Aut soluta eaque consequuntur ducimus sint consequatur. Sed et repellendus vitae assumenda dicta sed earum. Neque quia voluptatibus laborum ut veniam molestias aliquam. Ut voluptatum eos natus rerum qui aut quod.', '2', '2018-09-08 10:16:52', '2018-09-08 10:16:52');
INSERT INTO `reviews` VALUES ('234', '43', 'Francisco Lesch', 'Et dolor officia animi fugit. Ab nihil quia dolor eum. Qui ut quis recusandae mollitia. Fugiat cumque soluta suscipit itaque dolorem et molestiae.', '3', '2018-09-08 10:16:52', '2018-09-08 10:16:52');
INSERT INTO `reviews` VALUES ('235', '46', 'Mia Terry', 'Ducimus possimus reiciendis illo aut. Suscipit temporibus nihil iste ipsam nesciunt. Cumque qui consequatur voluptatibus ipsam eos.', '2', '2018-09-08 10:16:52', '2018-09-08 10:16:52');
INSERT INTO `reviews` VALUES ('236', '36', 'Prof. Morgan Walter DVM', 'Qui qui eligendi aut ut. Voluptatem ut repudiandae sint in. Et enim quam aut quas.', '5', '2018-09-08 10:16:52', '2018-09-08 10:16:52');
INSERT INTO `reviews` VALUES ('237', '48', 'Mr. Payton Reilly PhD', 'Nesciunt et consequatur natus temporibus. Commodi magni maxime consectetur. Magni sequi et iste maxime ut praesentium.', '4', '2018-09-08 10:16:52', '2018-09-08 10:16:52');
INSERT INTO `reviews` VALUES ('238', '16', 'Theresia Olson', 'Eum ut eveniet saepe. Doloribus ut quia dolores. Occaecati et in fuga et eos dicta sunt.', '3', '2018-09-08 10:16:52', '2018-09-08 10:16:52');
INSERT INTO `reviews` VALUES ('239', '29', 'Rebecca McKenzie', 'Consectetur itaque officia autem libero perferendis et quos. Reiciendis molestiae odit ullam nostrum quaerat. Velit aut molestiae blanditiis quo magni molestias velit. Iste enim in odit voluptas.', '0', '2018-09-08 10:16:52', '2018-09-08 10:16:52');
INSERT INTO `reviews` VALUES ('240', '18', 'Luella Klein', 'Unde et et asperiores repellendus eaque. Inventore consequatur aut nesciunt perspiciatis aperiam laudantium dolor facilis. Nesciunt sunt quisquam similique sed.', '0', '2018-09-08 10:16:52', '2018-09-08 10:16:52');
INSERT INTO `reviews` VALUES ('241', '38', 'Ford Raynor', 'Vel labore repudiandae laborum dolor. Velit aut dolores natus consectetur sunt necessitatibus. Repudiandae nulla vitae dolorem consequatur enim iure ducimus.', '2', '2018-09-08 10:16:52', '2018-09-08 10:16:52');
INSERT INTO `reviews` VALUES ('242', '29', 'Lewis Wehner PhD', 'Et suscipit aut excepturi amet. Reiciendis itaque omnis aut non dolores. Voluptatum qui et aliquam quo dolores voluptas in.', '1', '2018-09-08 10:16:52', '2018-09-08 10:16:52');
INSERT INTO `reviews` VALUES ('243', '8', 'Antoinette Thompson', 'Quis accusamus nulla sequi voluptatem et ut quo. Et dolores magnam minima ducimus quia consequatur. Consequatur dolore voluptatem et consequatur eveniet sed consequuntur. Quisquam reprehenderit accusamus excepturi officiis architecto. Molestiae magnam culpa dolores magni aut.', '1', '2018-09-08 10:16:52', '2018-09-08 10:16:52');
INSERT INTO `reviews` VALUES ('244', '8', 'Ladarius Johnson Sr.', 'Iusto maxime velit vel vel cupiditate quasi quia. Recusandae ducimus corporis architecto minus nobis. Est deleniti consequatur sunt. Vero asperiores et quibusdam fugit qui itaque.', '5', '2018-09-08 10:16:52', '2018-09-08 10:16:52');
INSERT INTO `reviews` VALUES ('245', '45', 'Mrs. Vilma Hermann I', 'Expedita et excepturi labore ad incidunt cum quis. Distinctio a labore quod et non reprehenderit. Hic magni facere perferendis rerum placeat aperiam. Eum laborum eum amet quia quis ea quis.', '3', '2018-09-08 10:16:52', '2018-09-08 10:16:52');
INSERT INTO `reviews` VALUES ('246', '35', 'Anthony Ondricka', 'Et esse et nostrum quia. Et dolorum quo similique et porro enim quod maiores. Aut inventore laudantium harum.', '1', '2018-09-08 10:16:52', '2018-09-08 10:16:52');
INSERT INTO `reviews` VALUES ('247', '12', 'Brandyn Koss', 'Quae consequatur aut necessitatibus expedita. Quae perferendis provident vel aut ut. Eum fugiat quod sint sunt earum voluptatem.', '1', '2018-09-08 10:16:52', '2018-09-08 10:16:52');
INSERT INTO `reviews` VALUES ('248', '12', 'Mr. Hilario Dare', 'Molestias amet amet error quasi necessitatibus nulla cumque dolore. Ab velit aut sit quia sed consequatur. Sed provident voluptatem vero animi quia facere.', '1', '2018-09-08 10:16:52', '2018-09-08 10:16:52');
INSERT INTO `reviews` VALUES ('249', '31', 'Dean Jast', 'Consectetur illo possimus velit voluptatum porro. Itaque aut accusamus similique aspernatur porro. Laboriosam non minus voluptates enim. Consequatur et alias aut quisquam est nisi laboriosam. Qui enim sed et rem aut.', '3', '2018-09-08 10:16:52', '2018-09-08 10:16:52');
INSERT INTO `reviews` VALUES ('250', '32', 'Rosalinda Altenwerth', 'Aut possimus non eos et ipsa natus nisi eius. Sunt reprehenderit molestiae eveniet impedit illum culpa accusamus. Id molestiae vero eum et quia sequi voluptas. Eos ab dolor dolorem dolorem labore. Ex placeat asperiores blanditiis dolor et.', '5', '2018-09-08 10:16:52', '2018-09-08 10:16:52');
INSERT INTO `reviews` VALUES ('251', '19', 'Dr. Eliseo Schoen PhD', 'Error dolorum qui voluptate doloribus quos eaque quia. Aut ut eveniet nam aut. Quis eaque amet doloremque quis minus molestias et.', '2', '2018-09-08 10:16:52', '2018-09-08 10:16:52');
INSERT INTO `reviews` VALUES ('252', '3', 'Keshawn Lesch', 'Porro quibusdam rem consequatur unde. Animi non quis occaecati. Iure repellat quidem voluptatem. Facilis perspiciatis voluptatem nobis.', '5', '2018-09-08 10:16:52', '2018-09-08 10:16:52');
INSERT INTO `reviews` VALUES ('253', '7', 'Samir Dickinson', 'Rem blanditiis quibusdam pariatur accusamus quia odit. Suscipit velit a sed fugit deleniti magni.', '3', '2018-09-08 10:16:52', '2018-09-08 10:16:52');
INSERT INTO `reviews` VALUES ('254', '39', 'Luis Moen', 'Culpa eos nisi commodi eius minima facere. Fugit aut non optio cupiditate totam rerum. Recusandae officiis amet facere qui quia. Reiciendis praesentium architecto quasi consequatur consequatur.', '4', '2018-09-08 10:16:52', '2018-09-08 10:16:52');
INSERT INTO `reviews` VALUES ('255', '43', 'Prof. Kailee Goldner IV', 'Et nam qui aliquam quis eius. Occaecati saepe et nulla quod ut vel et.', '2', '2018-09-08 10:16:52', '2018-09-08 10:16:52');
INSERT INTO `reviews` VALUES ('256', '40', 'Carey Ryan', 'Aut sunt odit ea ratione rerum voluptatem quia. Harum doloremque facere necessitatibus vel. Perferendis repudiandae non eaque laudantium.', '0', '2018-09-08 10:16:52', '2018-09-08 10:16:52');
INSERT INTO `reviews` VALUES ('257', '23', 'Ardith Bogan', 'Iure ducimus omnis ex ea. Itaque odit suscipit ut minus explicabo. Porro magnam at eum consequatur soluta natus dolorum.', '1', '2018-09-08 10:16:52', '2018-09-08 10:16:52');
INSERT INTO `reviews` VALUES ('258', '2', 'Kristin Harris', 'Consectetur quis assumenda ex. Consectetur aspernatur voluptate odit doloremque qui. Sed consequuntur odio enim tenetur cum deleniti. Explicabo ea repellat dolor cum.', '4', '2018-09-08 10:16:52', '2018-09-08 10:16:52');
INSERT INTO `reviews` VALUES ('259', '10', 'Devyn Dietrich', 'Dicta tenetur qui mollitia veritatis exercitationem. Dignissimos dolores eum deserunt vitae aliquid. Maxime officiis distinctio molestiae et.', '2', '2018-09-08 10:16:52', '2018-09-08 10:16:52');
INSERT INTO `reviews` VALUES ('260', '12', 'Verlie Medhurst', 'Cum et omnis corporis eum. Velit est sit sit voluptatibus dolorem blanditiis voluptatum. Est laborum asperiores dolorem.', '0', '2018-09-08 10:16:52', '2018-09-08 10:16:52');
INSERT INTO `reviews` VALUES ('261', '5', 'Marco Rolfson', 'Et itaque veniam assumenda est quos cum. Placeat dolore explicabo temporibus officia quia. Et odio quos quae at in. Dolor in animi eveniet cumque et assumenda molestiae. Ullam quis ipsum et autem culpa illum sapiente.', '1', '2018-09-08 10:16:52', '2018-09-08 10:16:52');
INSERT INTO `reviews` VALUES ('262', '2', 'Johann Hoeger', 'Natus est exercitationem aut provident aut sapiente est. Deserunt ipsam voluptas eum ut sint fuga consequatur.', '3', '2018-09-08 10:16:53', '2018-09-08 10:16:53');
INSERT INTO `reviews` VALUES ('263', '21', 'Nash O\'Connell', 'Architecto quibusdam asperiores minima doloribus voluptatem quia. Laboriosam accusamus laudantium quia occaecati facere. Et est vitae fugit.', '5', '2018-09-08 10:16:53', '2018-09-08 10:16:53');
INSERT INTO `reviews` VALUES ('264', '4', 'Adeline O\'Hara', 'Ab aspernatur possimus dolor explicabo fugiat sed. Laborum cupiditate sequi ut a atque. Doloremque quidem optio blanditiis adipisci voluptas voluptate.', '4', '2018-09-08 10:16:53', '2018-09-08 10:16:53');
INSERT INTO `reviews` VALUES ('265', '28', 'Prof. Mallie Monahan', 'Officiis aut commodi praesentium aliquid sapiente. Ipsa voluptatem sint quia eveniet facere enim. Rerum perspiciatis facere iste vitae amet.', '1', '2018-09-08 10:16:53', '2018-09-08 10:16:53');
INSERT INTO `reviews` VALUES ('266', '24', 'Dr. Jefferey Batz', 'Beatae expedita deleniti iure. Ipsa architecto et eveniet a et. Ipsam aut delectus dolorem alias delectus non. Dolorem minima odit sunt eos.', '0', '2018-09-08 10:16:53', '2018-09-08 10:16:53');
INSERT INTO `reviews` VALUES ('267', '37', 'Marty Hegmann', 'Culpa est neque voluptas consectetur. Iure non a sed a omnis quidem. Ducimus et ab enim dolorem ullam consequatur.', '2', '2018-09-08 10:16:53', '2018-09-08 10:16:53');
INSERT INTO `reviews` VALUES ('268', '39', 'Greg McClure', 'Voluptate necessitatibus autem nesciunt id est. Et ea perspiciatis quo ut. Impedit et commodi quam eos.', '3', '2018-09-08 10:16:53', '2018-09-08 10:16:53');
INSERT INTO `reviews` VALUES ('269', '37', 'Prof. Estella Schimmel PhD', 'Quia aut consectetur nostrum commodi reprehenderit laboriosam. Et sequi dolor modi. Fugit iusto et et modi iste qui. Nemo autem porro consequatur culpa minima.', '3', '2018-09-08 10:16:53', '2018-09-08 10:16:53');
INSERT INTO `reviews` VALUES ('270', '16', 'Brayan Mayer IV', 'Soluta a voluptates aspernatur possimus. Ut assumenda quis blanditiis nostrum velit ad illum. Tempore amet ducimus culpa nulla qui. Esse est quos sed et iure perferendis minus nihil.', '5', '2018-09-08 10:16:53', '2018-09-08 10:16:53');
INSERT INTO `reviews` VALUES ('271', '34', 'Efrain Bradtke', 'Possimus consequuntur et labore odit. Sit exercitationem eveniet non. Natus non voluptate voluptas quia perferendis maiores aut.', '4', '2018-09-08 10:16:53', '2018-09-08 10:16:53');
INSERT INTO `reviews` VALUES ('272', '4', 'Ayana Roberts', 'Saepe neque assumenda mollitia sunt vel ipsam et. Libero maxime deleniti et quasi distinctio incidunt fuga. Libero quae nemo perspiciatis est.', '1', '2018-09-08 10:16:53', '2018-09-08 10:16:53');
INSERT INTO `reviews` VALUES ('273', '13', 'Clovis Kulas', 'Et officia quia vel qui minus inventore ut. Fugiat rem quo aut. Eaque nam dicta eos impedit optio libero dolorem. Doloremque ab ex similique omnis iste magnam.', '1', '2018-09-08 10:16:53', '2018-09-08 10:16:53');
INSERT INTO `reviews` VALUES ('274', '36', 'Prof. Desiree Gutkowski', 'Amet consequatur consequuntur doloribus. Ipsa facere id assumenda nobis. Consequatur laborum rem minima doloremque ea veritatis iure. Voluptas error et enim amet. Ab alias et ab qui ut cumque et corrupti.', '4', '2018-09-08 10:16:53', '2018-09-08 10:16:53');
INSERT INTO `reviews` VALUES ('275', '8', 'Dr. Mason Medhurst', 'Nemo repellendus officiis qui maxime molestiae libero. Impedit corrupti nesciunt delectus natus quis. Doloribus et est modi voluptatum alias. Quisquam dicta aut magnam occaecati optio qui.', '1', '2018-09-08 10:16:53', '2018-09-08 10:16:53');
INSERT INTO `reviews` VALUES ('276', '40', 'Ines Oberbrunner', 'Alias voluptatem iste et dicta id. Vero ut nihil et corrupti quod est. Veritatis non et est repellendus autem animi ipsum.', '4', '2018-09-08 10:16:53', '2018-09-08 10:16:53');
INSERT INTO `reviews` VALUES ('277', '20', 'Margaretta Wunsch', 'Exercitationem aliquid sint veniam molestiae molestiae hic praesentium qui. Impedit earum qui ipsa voluptate voluptatum nihil dolores. Ea id recusandae itaque at quis temporibus sit tempore. Sit voluptatem quos cum voluptatum rerum tempora voluptatem odio.', '5', '2018-09-08 10:16:53', '2018-09-08 10:16:53');
INSERT INTO `reviews` VALUES ('278', '14', 'Cristian Stamm', 'Aperiam sunt eaque distinctio itaque. Et animi dignissimos commodi occaecati aliquam. Repudiandae vero voluptas nesciunt. Distinctio dolor delectus iure quasi quia.', '0', '2018-09-08 10:16:53', '2018-09-08 10:16:53');
INSERT INTO `reviews` VALUES ('279', '38', 'Sarah Smith', 'Deleniti atque a illo quisquam voluptas cumque et consequatur. Sapiente est occaecati voluptatibus odio officia et tempore. Dolores aut sit incidunt quia perspiciatis consequatur sunt. Sed facere sed inventore occaecati id quas possimus.', '2', '2018-09-08 10:16:53', '2018-09-08 10:16:53');
INSERT INTO `reviews` VALUES ('280', '7', 'Prof. Alf Hagenes', 'Ut aspernatur consequatur delectus dolorem ipsam. Aut quis qui rerum totam. Similique qui deserunt ullam veniam aut accusantium.', '5', '2018-09-08 10:16:53', '2018-09-08 10:16:53');
INSERT INTO `reviews` VALUES ('281', '18', 'Francisco Wehner', 'Quo quas iusto ipsum dolores deleniti rerum. Facere est cumque assumenda harum possimus consequatur ut. Iste inventore provident laborum ullam. Molestiae et est dolorem eos.', '2', '2018-09-08 10:16:53', '2018-09-08 10:16:53');
INSERT INTO `reviews` VALUES ('282', '31', 'Johathan Hammes', 'Error ut voluptatem quod explicabo numquam eos. Earum voluptas et iusto hic esse rerum voluptas. Perferendis voluptatum in qui dolores culpa. Dolorum ea doloribus a ea pariatur.', '1', '2018-09-08 10:16:53', '2018-09-08 10:16:53');
INSERT INTO `reviews` VALUES ('283', '31', 'Charity Dach', 'Illum id quia veniam minima a temporibus tenetur. Est atque et perspiciatis commodi. Reprehenderit facilis tempora magnam et dolor. Et id quis rem in natus culpa dignissimos aut.', '1', '2018-09-08 10:16:53', '2018-09-08 10:16:53');
INSERT INTO `reviews` VALUES ('284', '18', 'Dr. Orrin Smith', 'Est necessitatibus assumenda culpa animi veritatis ex qui. Aliquam et tenetur aperiam quia in ex. Aut dolores molestiae dignissimos quis dolores tempora. Veniam quas non dolor non autem et odio.', '1', '2018-09-08 10:16:53', '2018-09-08 10:16:53');
INSERT INTO `reviews` VALUES ('285', '12', 'Marcelle Kautzer', 'Aut distinctio assumenda vel magnam quas. Dolor omnis dolor dolorum ut facere ratione illum esse. Esse magnam omnis iste.', '1', '2018-09-08 10:16:53', '2018-09-08 10:16:53');
INSERT INTO `reviews` VALUES ('286', '6', 'Dario Crooks III', 'Et aliquam aut modi fugiat deleniti ipsam facilis odit. Et aut et eos iure est. Iusto sequi quis cupiditate ullam.', '3', '2018-09-08 10:16:53', '2018-09-08 10:16:53');
INSERT INTO `reviews` VALUES ('287', '10', 'Herbert Bergstrom', 'Dignissimos hic ut dolores provident dolorum unde ut. Dolorum vel perspiciatis eum laudantium illum molestias commodi. Maiores sint mollitia velit placeat.', '0', '2018-09-08 10:16:53', '2018-09-08 10:16:53');
INSERT INTO `reviews` VALUES ('288', '41', 'Sadie Wilkinson', 'Nulla dignissimos officia eaque. Aut et ut quidem quos ut. Et dolorem at vel minus minus sit ratione ratione.', '1', '2018-09-08 10:16:53', '2018-09-08 10:16:53');
INSERT INTO `reviews` VALUES ('289', '32', 'Leonor Greenfelder PhD', 'Molestiae dolores eius error voluptatibus blanditiis. Fuga impedit sed in recusandae quae adipisci nam. Expedita ab ducimus blanditiis iste voluptates quia. Aspernatur aut nobis aut deserunt. At possimus perspiciatis officia.', '5', '2018-09-08 10:16:53', '2018-09-08 10:16:53');
INSERT INTO `reviews` VALUES ('290', '31', 'Prof. Viola Bernhard', 'Eaque mollitia saepe aperiam ipsa esse. Soluta quos dolore rerum temporibus ut dignissimos hic. Illum et iusto autem non modi. Reprehenderit doloribus itaque accusamus cumque amet ut.', '0', '2018-09-08 10:16:53', '2018-09-08 10:16:53');
INSERT INTO `reviews` VALUES ('291', '5', 'Cletus Predovic', 'Perspiciatis ea deleniti adipisci corporis excepturi nam. Repudiandae nesciunt ullam voluptas laboriosam eum quidem. Numquam voluptates provident exercitationem voluptates in. Nesciunt quia vel blanditiis ad et nam. Minus dolores odit aut esse aut doloribus.', '3', '2018-09-08 10:16:53', '2018-09-08 10:16:53');
INSERT INTO `reviews` VALUES ('292', '32', 'Prof. Anastacio Koelpin', 'Ut eveniet distinctio aut sint soluta ut amet. Vero sed hic dolores eaque dolorum ipsa quisquam. Quaerat assumenda ratione nihil animi omnis ut. Cupiditate esse quidem ea. In nobis aut sapiente suscipit aut qui.', '5', '2018-09-08 10:16:53', '2018-09-08 10:16:53');
INSERT INTO `reviews` VALUES ('293', '26', 'Maribel Carroll', 'Impedit rerum accusantium et quisquam et quis. Iure pariatur totam veniam. Omnis et itaque nihil eligendi porro veritatis. Et ut et voluptatem pariatur.', '1', '2018-09-08 10:16:53', '2018-09-08 10:16:53');
INSERT INTO `reviews` VALUES ('294', '2', 'Prof. Jo Runolfsson', 'Esse quod ut ex distinctio dolore fugit. Accusantium sed sit reprehenderit quaerat enim consequatur. Ut nostrum sed ea.', '3', '2018-09-08 10:16:53', '2018-09-08 10:16:53');
INSERT INTO `reviews` VALUES ('295', '26', 'Dr. Jordi Zieme IV', 'Consequatur debitis est aut quibusdam sapiente. Sapiente necessitatibus modi culpa quaerat impedit. Cumque quod consequatur odio quasi consequatur.', '1', '2018-09-08 10:16:53', '2018-09-08 10:16:53');
INSERT INTO `reviews` VALUES ('296', '32', 'Prof. Coby Gerhold Jr.', 'Rerum dolore maxime non rerum expedita ratione. Accusamus vero qui omnis dolorem unde dolorem. Ut sit commodi deserunt aut in. Aut omnis et unde sit amet.', '4', '2018-09-08 10:16:53', '2018-09-08 10:16:53');
INSERT INTO `reviews` VALUES ('297', '9', 'Marianne Kuvalis', 'Nisi repellat voluptatem ut quam atque illum. Sunt amet quis voluptate vel corrupti iusto. Distinctio repudiandae vel nulla quasi et. Repellendus rerum tenetur consectetur aperiam adipisci.', '1', '2018-09-08 10:16:53', '2018-09-08 10:16:53');
INSERT INTO `reviews` VALUES ('298', '48', 'Christelle Marks', 'Consequatur sit dolores sit ut beatae officiis voluptas. Error ut quae accusantium soluta aspernatur et. Odit voluptatem iste consequatur excepturi impedit quo aut. Cum maxime accusamus consectetur asperiores commodi animi in.', '0', '2018-09-08 10:16:53', '2018-09-08 10:16:53');
INSERT INTO `reviews` VALUES ('299', '7', 'Ophelia Kihn', 'Excepturi alias a suscipit alias vel nisi libero. Delectus voluptatem impedit asperiores enim. Recusandae aut non eius odit non tempora. Harum porro ea ipsa praesentium vero voluptates.', '5', '2018-09-08 10:16:53', '2018-09-08 10:16:53');
INSERT INTO `reviews` VALUES ('300', '45', 'Sonny Effertz', 'At ad excepturi ducimus rerum ducimus. Consequatur earum et atque molestiae non accusantium accusamus. Tenetur quas assumenda commodi nostrum. Totam beatae et quasi blanditiis.', '0', '2018-09-08 10:16:53', '2018-09-08 10:16:53');

-- ----------------------------
-- Table structure for users
-- ----------------------------
DROP TABLE IF EXISTS `users`;
CREATE TABLE `users` (
  `id` int(10) unsigned NOT NULL AUTO_INCREMENT,
  `name` varchar(255) COLLATE utf8mb4_unicode_ci NOT NULL,
  `email` varchar(255) COLLATE utf8mb4_unicode_ci NOT NULL,
  `email_verified_at` timestamp NULL DEFAULT NULL,
  `password` varchar(255) COLLATE utf8mb4_unicode_ci NOT NULL,
  `remember_token` varchar(100) COLLATE utf8mb4_unicode_ci DEFAULT NULL,
  `created_at` timestamp NULL DEFAULT NULL,
  `updated_at` timestamp NULL DEFAULT NULL,
  PRIMARY KEY (`id`)
) ENGINE=InnoDB DEFAULT CHARSET=utf8mb4 COLLATE=utf8mb4_unicode_ci;

-- ----------------------------
-- Records of users
-- ----------------------------
